# https://github.com/mikedh/trimesh
v 8.19999981 0.39117646 9.49194336
v 8.19999981 1.11599779 9.43422222
v 10.00000000 -7.75000000 9.50000000
v 10.00000000 -7.52747917 9.47492790
v 11.00000000 -7.75000000 8.50000000
v 11.00000000 -20.50000000 8.50000000
v 8.39999962 8.87163448 2.78999996
v 8.39999962 8.89921570 2.67140579
v 8.39999962 8.90848351 2.54999995
v 8.40045334 8.47581402 3.84149302
v 8.40042164 7.79068669 5.08946369
v 8.40138048 6.92151731 6.21860795
v 8.40020532 7.43275255 -5.59908620
v 8.39999962 8.03207016 -4.68759155
v 8.40045791 8.48776955 -3.81412266
v 8.39999962 8.90848351 -2.54999995
v 8.39999962 8.89921570 -2.67140579
v 8.39999962 8.87163448 -2.78999996
v 8.20089672 9.10345394 -2.66176113
v 8.19999981 9.06242275 -2.84999990
v 8.19999981 8.53912449 -4.16333389
v 8.19999981 7.82671833 -5.38446665
v 8.19999981 7.40437555 -5.95190954
v 8.19999981 6.94098091 -6.48635387
v 8.40031178 6.51602775 -6.64330688
v 8.19999981 6.43910408 -6.98483658
v 8.19999981 5.90152740 -7.44459343
v 8.40150987 5.49654927 -7.50471518
v 8.39999962 4.63196421 -8.06431770
v 8.19999981 5.33123159 -7.86307621
v 8.19999981 4.73137808 -8.23796463
v 8.39955738 3.73864460 -8.52281639
v 8.19999981 4.10529280 -8.56717968
v 8.19999981 3.45644712 -8.84889698
v 8.39589912 2.58018316 -8.94199097
v 8.19999981 2.78843808 -9.08155346
v 8.19999981 2.10496926 -9.26385975
v 8.19999981 1.40983021 -9.39480591
v 8.19999981 0.70687461 -9.47366524
v 8.19999981 -0.00000001 -9.50000000
v 8.40040804 5.88940449 7.20494865
v 8.40062256 4.72262664 8.01804444
v 8.40318804 3.47878301 8.62603714
v 8.39737435 2.40373581 8.98874298
v 8.19999981 1.83428156 9.32123470
v 8.19999981 2.54181981 9.15364170
v 8.19999981 3.23446751 8.93242550
v 8.19999981 3.90816736 8.65888119
v 8.19999981 4.55897284 8.33461285
v 8.19999981 5.18307066 7.96151829
v 8.19999981 5.77680588 7.54178476
v 8.19999981 6.33669949 7.07786989
v 8.19999981 6.85947132 6.57249212
v 8.19999981 7.34206009 6.02861118
v 8.19999981 7.78163767 5.44941425
v 8.19999981 8.17562962 4.83829355
v 8.19999981 8.52172661 4.19882965
v 8.19999981 8.81790257 3.53476858
v 8.19999981 9.06242275 2.84999990
v 8.20019999 9.10332338 2.66433101
v 5.00000000 8.84118462 3.47583795
v 7.40000010 9.25310516 2.15171933
v 5.00000000 9.07605171 2.80619192
v 7.40000010 9.38994408 1.44169438
v 5.00000000 1.42043674 9.39319420
v 5.00000000 2.11896777 9.26055050
v 5.00000000 2.80619192 9.07605171
v 5.00000000 3.47583795 8.84118462
v 5.00000000 4.12720919 8.55659294
v 5.00000000 5.35484076 7.84694481
v 0.25289900 5.95055127 7.40761337
v 5.00000000 6.96305418 6.46254492
v 5.00000000 7.42631340 5.92437792
v 5.00000000 7.84694481 5.35484076
v 5.00000000 8.22509575 4.75352287
v 5.00000000 8.55659294 4.12720919
v 5.00000000 9.26055050 2.11896777
v 5.00000000 9.26055050 -2.11896777
v 5.00000000 9.39319420 1.42043674
v 5.00000000 9.07605171 -2.80619192
v 5.00000000 9.39319420 -1.42043674
v 7.40000010 9.47241592 0.72332233
v 5.00000000 9.50000000 0.00000000
v 7.40000010 9.50000000 -0.00000000
v 7.40000010 9.47241592 -0.72332233
v 7.40000010 9.38994408 -1.44169438
v 7.40000010 9.25310516 -2.15171933
v 5.00000000 8.84118462 -3.47583795
v 8.20178964 8.76736569 -3.66200972
v 5.00000000 8.22509575 -4.75352287
v 8.20126880 8.13941634 -4.90143708
v 5.00000000 7.42631340 -5.92437792
v 5.00000000 6.96305418 -6.46254492
v 5.00000000 6.46254492 -6.96305418
v 5.00000000 5.92437792 -7.42631340
v 5.00000000 5.35484076 -7.84694481
v 5.00000000 4.12720919 -8.55659294
v 5.00000000 3.47583795 -8.84118462
v 5.00000000 2.80619192 -9.07605171
v 5.00000000 2.11896777 -9.26055050
v 10.00000000 -7.75000000 -9.50000000
v 11.00000000 -20.50000000 -8.50000000
v 10.00000000 -7.52747917 -9.47492790
v 11.00000000 -7.75000000 -8.50000000
v 7.54511642 9.43842030 -0.00522057
v 4.94999981 0.71622270 -9.47270584
v -0.08784524 0.45424966 9.49806787
v 4.94999981 1.41387904 9.39420795
v 4.94999981 2.11160994 9.26214504
v 4.94999981 2.79913902 9.07822990
v 4.94999981 3.46920347 8.84371853
v 4.94999981 4.12102365 8.55952454
v 4.94999981 4.74597216 8.22976017
v 4.94999981 5.34524059 7.85378933
v 4.94999981 6.96761990 6.45763397
v 4.94999981 7.43432093 5.91426659
v 4.94999981 7.85722113 5.33979082
v 4.94999981 8.23643398 4.73377657
v 4.94999981 8.56801796 4.10349703
v 4.94999981 8.85168457 3.44891262
v 4.94999981 9.07272625 -2.81693888
v 4.94999981 9.08499813 2.77716827
v 4.94999981 8.55368900 -4.13326073
v 4.94999981 7.84465313 -5.35824919
v 4.94999981 6.96015739 -6.46571112
v 4.94999981 5.34835625 -7.85164547
v 4.94999981 4.75244570 -8.22606564
v 4.94999981 4.13016748 -8.55508804
v 4.94999981 3.48032784 -8.83939362
v 4.94999981 2.81105280 -9.07451630
v 4.94999981 2.12302017 -9.25957108
v 4.94999981 1.42322206 -9.39277077
v -4.94999981 1.42322206 9.39277077
v -4.94999981 2.12302017 9.25957108
v -4.94999981 2.81105280 9.07451630
v -4.94999981 3.48032784 8.83939362
v -4.94999981 4.13016748 8.55508804
v -4.94999981 4.75244570 8.22606564
v -4.94999981 5.34835625 7.85164547
v -4.94999981 6.96015739 6.46571112
v -4.94999981 7.42390919 5.92736244
v -4.94999981 7.84465313 5.35824919
v -4.94999981 8.22251129 4.75798368
v -4.94999981 8.55368900 4.13326073
v -4.94999981 8.83795738 3.48403621
v -4.94999981 9.07272625 2.81693888
v 4.94999981 9.26731873 2.08905888
v -4.94999981 9.25740719 2.13262415
v 4.94999981 9.39062595 -1.43729985
v 4.94999981 9.39761829 1.39093292
v 4.94999981 9.47515106 0.68477643
v -4.94999981 9.47155952 0.73283559
v 4.94999981 9.49996090 -0.02432229
v -4.94999981 9.49996090 0.02432229
v -4.94999981 9.47515106 -0.68477643
v -4.94999981 9.26731873 -2.08905888
v -4.94999981 9.08499813 -2.77716827
v -4.94999981 8.85168457 -3.44891262
v -4.94999981 8.56801796 -4.10349703
v -4.94999981 8.23643398 -4.73377657
v -4.94999981 7.85722113 -5.33979082
v -4.94999981 7.43432093 -5.91426659
v -4.94999981 6.96761990 -6.45763397
v -4.94999981 6.46219778 -6.96317816
v -4.94999981 5.34524059 -7.85378933
v -4.94999981 4.74597216 -8.22976017
v -4.94999981 2.79913902 -9.07822990
v -4.94999981 1.41387904 -9.39420795
v -4.94999981 0.71071297 -9.47333241
v -5.00000000 1.41387904 9.39420795
v -8.19999981 1.11599779 9.43422222
v -8.19999981 0.39117646 9.49194336
v -5.00000000 2.11160994 9.26214504
v -8.19999981 1.83428156 9.32123470
v -5.00000000 2.79913902 9.07822990
v -8.19999981 2.54181981 9.15364170
v -5.00000000 3.46920347 8.84371853
v -8.19999981 3.23446751 8.93242550
v -5.00000000 4.12102365 8.55952454
v -8.19999981 3.90816736 8.65888119
v -5.00000000 4.74597216 8.22976017
v -8.19999981 4.55897284 8.33461285
v -5.00000000 5.34524059 7.85378933
v -8.19999981 5.18307066 7.96151829
v -8.19999981 5.77680588 7.54178476
v 0.14183042 6.50633846 6.92359756
v -8.19999981 6.33669949 7.07786989
v -5.00000000 6.96761990 6.45763397
v -8.19999981 6.85947132 6.57249212
v -5.00000000 7.43432093 5.91426659
v -8.19999981 7.34206009 6.02861118
v -5.00000000 7.85722113 5.33979082
v -8.19999981 7.78163767 5.44941425
v -5.00000000 8.23643398 4.73377657
v -8.19999981 8.17562962 4.83829355
v -5.00000000 8.56801796 4.10349703
v -8.19999981 8.52172661 4.19882965
v -5.00000000 8.85168457 3.44891262
v -8.19999981 8.81790257 3.53476858
v -5.00000000 9.08499813 2.77716827
v -5.00000000 9.25740719 -2.13262415
v -5.00000000 9.26731873 2.08905888
v -7.40000010 9.25337791 2.15005755
v -5.00000000 9.39761829 1.39093292
v -7.40000010 9.38995838 1.44174325
v -1.99498241 9.44079687 -1.03513721
v -5.00000000 9.47515106 0.68477643
v -7.40000010 9.47232533 0.72296458
v -5.00000000 9.49996090 -0.02432229
v -7.40000010 9.49999523 -0.00000000
v -7.40000010 9.47232533 -0.72296458
v -7.40000010 9.38995838 -1.44174325
v -5.00000000 9.07272625 -2.81693888
v -7.40000010 9.25337791 -2.15005755
v -5.00000000 8.83795738 -3.48403621
v -5.00000000 8.55368900 -4.13326073
v -8.19999981 8.82523823 -3.51641488
v -8.19999981 9.06242275 -2.84999990
v -5.00000000 8.22251129 -4.75798368
v -8.19999981 8.53912449 -4.16333389
v -5.00000000 7.84465313 -5.35824919
v -8.19999981 8.20566845 -4.78717089
v -5.00000000 7.42390919 -5.92736244
v -8.19999981 7.82671833 -5.38446665
v -5.00000000 6.96015739 -6.46571112
v -8.19999981 7.40437555 -5.95190954
v -8.19999981 6.94098091 -6.48635387
v -5.00000000 5.91706896 -7.43180084
v -8.19999981 6.43910408 -6.98483658
v -5.00000000 5.34835625 -7.85164547
v -8.19999981 5.90152740 -7.44459343
v -5.00000000 4.75244570 -8.22606564
v -8.19999981 5.33123159 -7.86307621
v -5.00000000 4.13016748 -8.55508804
v -8.19999981 4.73137808 -8.23796463
v -5.00000000 3.48032784 -8.83939362
v -8.19999981 4.10529280 -8.56717968
v -5.00000000 2.81105280 -9.07451630
v -8.19999981 3.45644712 -8.84889698
v -5.00000000 2.12302017 -9.25957108
v -8.19999981 2.78843808 -9.08155346
v -5.00000000 1.42322206 -9.39277077
v -8.19999981 2.10496926 -9.26385975
v -8.19999981 1.40983021 -9.39480591
v -5.00000000 -0.00000000 -9.50000000
v -8.20102859 0.52301224 -9.48789803
v -10.00000000 -7.75000000 -9.50000000
v -10.00000000 -7.75000000 9.50000000
v -11.00000000 -20.50000000 8.50000000
v -10.00000000 -7.52747917 9.47492790
v -11.00000000 -7.75000000 8.50000000
v -8.39974693 8.89963557 -2.69365929
v -8.40097734 8.48538583 -3.81806777
v -8.39917457 7.82858190 -5.03261315
v -8.39999962 7.24764347 -5.82749987
v -8.40088638 6.51534689 -6.64318118
v -8.39999962 2.06205654 -9.06838417
v -8.39757101 3.08796203 -8.78200355
v -8.40009426 4.36492065 -8.21891003
v -8.40098708 5.49760988 -7.50468076
v -8.20089624 9.10345957 -2.66172726
v -8.39999962 6.71422768 6.43498659
v -8.39972207 5.89325887 7.20280177
v -8.39999962 5.07437038 7.79349470
v -8.40000316 4.18651587 8.31174285
v -8.39999962 3.16811872 8.74373817
v -8.39737697 2.40371548 8.98874569
v -8.40070525 7.41188468 5.62277239
v -10.00000000 -7.52747917 -9.47492790
v -11.00000000 -7.75000000 -8.50000000
v -11.00000000 -20.50000000 -8.50000000
v -8.40077882 8.15377913 4.48396181
v -8.39999962 8.63095856 3.46317053
v -8.19999981 9.06242275 2.84999990
v -8.39973961 8.90209306 2.68431843
v -8.20020453 9.10330497 2.66443161
v -7.54511642 9.43842030 0.00522057
v 10.19968292 1.97076983 -1.00752412
v 10.19968247 1.96927976 1.01079723
v 10.19999981 2.13867974 -0.51582277
v 10.19999981 2.13867974 0.51582277
v 10.19999981 2.17229891 -0.34718338
v 10.19999981 2.17229891 0.34718338
v 10.19999981 2.19273520 -0.17525116
v 10.19999981 2.19273520 0.17525116
v 10.19999981 2.20000005 0.00000000
v -9.77750687 3.66796165 -4.00997303
v -9.79300954 4.17547593 -3.40906934
v -9.79659737 4.66262444 -2.66652813
v -9.79422577 4.99732396 -1.99961193
v -9.79989022 5.30313180 0.79486981
v -9.79813349 5.20897877 -1.28565507
v -9.79902647 5.34161274 -0.51966867
v -9.78267136 5.42297161 -0.00111761
v -9.77994347 5.27201176 1.27897620
v -9.79685041 4.99216976 1.99328705
v -9.79582242 4.47701700 2.98738499
v -9.77475360 3.85772223 3.85113516
v 8.00000000 -32.50000000 -9.50000000
v -8.00000000 -32.50000000 -9.50000000
v -8.00000000 -48.21199036 -3.51447964
v -9.99334049 -47.78260422 -1.57336867
v -9.97626835 -48.03954494 4.48375092
v 9.97615364 -48.03953540 4.49288484
v 9.99336815 -47.78202057 -1.57351744
v -4.17456315 -53.49848838 -0.12180618
v 4.00000000 -52.21199036 -1.99067020
v 9.97349453 -48.06334686 -1.50208247
v 9.94043350 -48.34336090 -1.43119955
v 9.72766468 -49.29269224 -1.19033300
v 9.87021003 -48.74910336 -1.32848148
v 9.53239609 -49.82637172 -1.05491723
v 9.28878376 -50.33722383 -0.92501434
v 8.92927190 -50.92837909 -0.77389780
v 8.40843546 -51.57634757 -0.61068008
v 7.90056061 -52.06119574 -0.48732675
v 7.46117456 -52.40301299 -0.40038470
v 6.99465777 -52.70105160 -0.32307419
v 5.98257250 -53.16453725 -0.20732187
v 6.53223263 -52.94125757 -0.26447821
v 5.31992462 -53.35844759 -0.15920925
v -4.68089456 -53.46261561 -0.13109920
v -5.33220034 -53.35502936 -0.15927596
v -5.98037177 -53.16552614 -0.20628367
v -6.99384758 -52.70153302 -0.32293695
v -6.52518244 -52.94457595 -0.26299636
v -7.57414538 -52.32456215 -0.42051392
v -8.10677344 -51.87644031 -0.53423629
v -8.49706098 -51.47435495 -0.63630049
v -8.92869957 -50.92927660 -0.77362032
v -9.37048422 -50.17546703 4.50012743
v -9.59453045 -49.66810053 4.50012754
v -9.28553776 -50.34286627 -0.92376944
v -9.53330429 -49.82459958 -1.05520571
v -9.89780718 -48.60259478 4.50004267
v -9.72560550 -49.29846833 -1.18914516
v -9.94022369 -48.34483337 -1.43082488
v -9.86962072 -48.75166496 -1.32789661
v -9.97339344 -48.06442261 -1.50180888
v -7.99328136 -48.44172668 -3.42696142
v 7.98351946 -48.62981244 -3.35582039
v 7.86926394 -49.23181807 -3.12597523
v -7.94732124 -48.88690745 -3.25737535
v -7.77347980 -49.55058097 -3.00454430
v -7.49130430 -50.17358282 -2.76721341
v -7.17260622 -50.65046455 -2.58553830
v -6.95659733 -50.90605545 -2.48817015
v -6.72723809 -51.14006613 -2.39902317
v -6.37529366 -51.43262888 -2.28757121
v -6.00905671 -51.67189978 -2.19642056
v -5.59678041 -51.88118685 -2.11669218
v -5.18889900 -52.03249947 -2.05904878
v -4.32335134 -52.19947365 -1.99543776
v -4.70529217 -52.15124115 -2.01381520
v -4.00000000 -52.21199036 -1.99067020
v 7.69444114 -49.75533483 -2.92654226
v 7.24154139 -50.55554581 -2.62169766
v 7.43446739 -50.26615781 -2.73194114
v 6.96307312 -50.90481289 -2.48864561
v 6.36715353 -51.44731963 -2.28198963
v 5.07940954 -52.06735651 -2.04577641
v 5.68232442 -51.84617326 -2.13003277
v 4.22081947 -52.20586395 -1.99300444
v 4.65743637 -52.15758514 -2.01139688
v 4.19073328 -53.49799291 -0.12338057
v 4.44607941 -52.18713595 -2.00013816
v 4.63839547 -53.46789918 -0.13034004
v -2.00000000 -47.50000000 12.50000000
v 2.00000000 -32.50000000 12.50000000
v -2.00000000 -32.50000000 12.50000000
v 2.00000000 -31.98186874 12.47758675
v -2.62068248 -32.50000000 12.47588539
v -2.65858412 -31.95466995 12.44792747
v -2.00000000 -31.96865082 12.47642612
v 2.00000000 -47.50000000 12.50000000
v 2.62068248 -47.50000000 12.47588539
v 2.63491917 -32.50000000 12.47476482
v -2.00000000 -48.01813126 12.47758675
v 2.00000000 -48.03134918 12.47642612
v 2.65858412 -48.04533005 12.44792747
v -2.63491917 -47.50000000 12.47476482
v -3.24270415 -32.50000000 12.40289116
v -3.30533285 -47.90881282 12.38066155
v -2.65852118 -48.05361176 12.44716835
v -2.00000000 -48.05351639 12.47441387
v -3.86647129 -32.50000000 12.27922153
v -3.60716867 -47.50000000 12.33690071
v -3.93450475 -47.50000000 12.26258278
v -4.46331549 -32.50000000 12.11131191
v -4.56205130 -47.50000000 12.07864666
v -3.95760059 -48.05361176 12.23039055
v -5.02370501 -32.50000000 11.90656471
v -5.14983702 -47.50000000 11.85381031
v -4.58928490 -48.05361176 12.04232979
v -5.57267714 -32.50000000 11.65793133
v -5.72440004 -47.50000000 11.58017254
v -5.20328188 -48.05361176 11.80274773
v -5.79539728 -48.05361176 11.51327991
v -6.30713884 -48.00325603 11.21756839
v -6.88202926 -48.03783283 10.80751682
v -7.40091753 -48.05361176 10.36696053
v -7.86696053 -48.05361176 9.90091801
v -8.29292583 -48.05361176 9.39798069
v -8.67590427 -48.05361176 8.86158657
v -9.01327991 -48.05361176 8.29539776
v -9.30274773 -48.05361176 7.70328188
v -9.54232979 -48.05361176 7.08928490
v -9.73039055 -48.05361176 6.45760059
v -9.86564445 -48.05361176 5.81254387
v -9.94874157 -48.04752413 5.14927613
v -3.95778775 -31.95466995 12.23112869
v -3.31266928 -31.95466995 12.36639595
v -2.00000000 -48.53503418 12.41005135
v 2.00000000 -48.04521942 12.47517681
v -2.65218997 -48.60304260 12.37076187
v -2.00000000 -48.60287476 12.39776802
v -3.29992485 -48.60304260 12.29002190
v -3.93877983 -48.60304260 12.15606785
v -4.56439114 -48.60304260 11.96981525
v -5.17248487 -48.60304260 11.73253632
v -5.75890732 -48.60304260 11.44585228
v -6.31965256 -48.60304260 11.11172009
v -6.85089016 -48.60304260 10.73242378
v -7.34899139 -48.60304260 10.31055355
v -7.81055355 -48.60304260 9.84899139
v -8.23242378 -48.60304260 9.35089016
v -8.61172009 -48.60304260 8.81965256
v -8.94585228 -48.60304260 8.25890732
v -9.23253632 -48.60304260 7.67248487
v -9.46981525 -48.60304260 7.06439114
v -9.65606785 -48.60304260 6.43877983
v -9.79002190 -48.60304260 5.79992485
v -9.87076187 -48.60304260 5.15218973
v -9.74410915 -49.14304352 5.14169502
v -9.77071969 -49.14267081 4.50004636
v 2.00000000 -48.56666565 12.40442371
v -2.00000000 -49.04966736 12.29642487
v 2.00000000 -48.59463501 12.39930248
v -2.64169526 -49.14304352 12.24410915
v -2.00000000 -49.14481735 12.27014542
v -3.27900696 -49.14304352 12.16466904
v -3.90758181 -49.14304352 12.03287029
v -4.52312613 -49.14304352 11.84961510
v -5.12143469 -49.14304352 11.61615467
v -5.69842100 -49.14304352 11.33408260
v -6.25014305 -49.14304352 11.00532818
v -6.77283239 -49.14304352 10.63213539
v -7.26291847 -49.14304352 10.21705341
v -7.71705341 -49.14304352 9.76291847
v -8.13213539 -49.14304352 9.27283192
v -8.50532818 -49.14304352 8.75014305
v -8.83408260 -49.14304352 8.19842052
v -9.11615467 -49.14304352 7.62143469
v -9.34961510 -49.14304352 7.02312613
v -9.53287029 -49.14304352 6.40758181
v -9.66466904 -49.14304352 5.77900696
v -9.56829453 -49.66900253 5.12712669
v 2.00000000 -49.10477066 12.28141022
v -2.00000000 -49.53947067 12.14274311
v -2.62712669 -49.66900253 12.06829453
v -3.24996948 -49.66900253 11.99065685
v -3.86427379 -49.66900253 11.86185074
v -4.46584320 -49.66900253 11.68275547
v -5.05056858 -49.66900253 11.45459557
v -5.61445522 -49.66900253 11.17892838
v -6.15365124 -49.66900253 10.85763645
v -6.66447401 -49.66900253 10.49291611
v -7.14343357 -49.66900253 10.08725834
v -7.58725834 -49.66900253 9.64343357
v -7.99291658 -49.66900253 9.16447449
v -8.35763645 -49.66900253 8.65365124
v -8.67892838 -49.66900253 8.11445522
v -8.95459557 -49.66900253 7.55056858
v -9.18275547 -49.66900253 6.96584320
v -9.36185074 -49.66900253 6.36427402
v -9.49065685 -49.66900253 5.74996948
v -9.34481907 -50.17641449 5.10860920
v 2.00000000 -49.61970139 12.11309719
v -2.60860896 -50.17641449 11.84481907
v -1.97758275 -49.95284649 11.97996961
v -3.21306062 -50.17641449 11.76947403
v -3.80922580 -50.17641449 11.64447117
v -4.39303207 -50.17641449 11.47066402
v -4.96049166 -50.17641449 11.24924088
v -5.50772810 -50.17641449 10.98171329
v -6.03100300 -50.17641449 10.66990948
v -6.52674198 -50.17641449 10.31595802
v -6.99155903 -50.17641449 9.92227840
v -7.42227840 -50.17641449 9.49155903
v -7.81595850 -50.17641449 9.02674198
v -8.16990948 -50.17641449 8.53100300
v -8.48171329 -50.17641449 8.00772762
v -8.74924088 -50.17641449 7.46049166
v -8.97066402 -50.17641449 6.89303207
v -9.14447117 -50.17641449 6.30922604
v -9.26947403 -50.17641449 5.71306086
v -9.08832830 -50.66713613 4.86427771
v 1.97976372 -50.02075501 11.94816814
v -2.36739281 -50.59353881 11.63497941
v -3.16859579 -50.66094971 11.50301075
v -3.74290848 -50.66094971 11.38258934
v -4.30531502 -50.66094971 11.21515369
v -4.85197449 -50.66094971 11.00184727
v -5.37915182 -50.66094971 10.74412537
v -5.88324594 -50.66094971 10.44375038
v -6.36081362 -50.66094971 10.10277367
v -6.80859280 -50.66094971 9.72352409
v -7.22352409 -50.66094971 9.30859280
v -7.60277367 -50.66094971 8.86081409
v -7.94375038 -50.66094971 8.38324642
v -8.24412537 -50.66094971 7.87915182
v -8.50184727 -50.66094971 7.35197449
v -8.71515369 -50.66094971 6.80531502
v -8.88258934 -50.66094971 6.24290848
v -9.00301075 -50.66094971 5.66859579
v -8.77443627 -51.12302697 4.89217216
v -2.00283774 -50.77497177 11.52912934
v 2.34861158 -50.64312044 11.60476045
v -2.56039143 -51.11846161 11.26292038
v -3.11695504 -51.11846161 11.19354439
v -3.66588855 -51.11846161 11.07844543
v -4.20344257 -51.11846161 10.91840839
v -4.72594452 -51.11846161 10.71452713
v -5.22982550 -51.11846161 10.46819496
v -5.71164370 -51.11846161 10.18109417
v -6.16810751 -51.11846161 9.85518456
v -6.59609890 -51.11846161 9.49269485
v -6.99269438 -51.11846161 9.09609890
v -7.35518503 -51.11846161 8.66810799
v -7.68109369 -51.11846161 8.21164417
v -7.96819496 -51.11846161 7.72982550
v -8.21452713 -51.11846161 7.22594452
v -8.41840839 -51.11846161 6.70344257
v -8.57844543 -51.11846161 6.16588879
v -8.69354439 -51.11846161 5.61695480
v -8.42072480 -51.54915462 4.83027414
v 2.37428073 -51.10049676 11.29329058
v -2.00589023 -51.20988987 11.21735971
v -2.76602287 -51.54502358 10.89027058
v -3.57882476 -51.54504013 10.73463821
v -4.08828449 -51.54504013 10.58296490
v -4.58347940 -51.54504013 10.38973904
v -5.06102610 -51.54504013 10.15628147
v -5.51766300 -51.54504013 9.88418484
v -5.95027113 -51.54504013 9.57530880
v -6.35589457 -51.54504013 9.23176289
v -6.73176289 -51.54504013 8.85589409
v -7.07530832 -51.54504013 8.45027065
v -7.38418436 -51.54504013 8.01766300
v -7.65628099 -51.54504013 7.56102610
v -7.88973951 -51.54504013 7.08347940
v -8.08296490 -51.54504013 6.58828449
v -8.23463821 -51.54504013 6.07882452
v -8.34372139 -51.54504013 5.55857992
v -7.98880389 -51.94599747 5.24983814
v -8.04080139 -51.93529079 4.50043647
v 2.30615271 -51.51943515 10.95020500
v -2.00822012 -51.61486147 10.86843998
v -2.99396944 -51.93703842 10.45653248
v -3.48246121 -51.93703842 10.35410690
v -3.96082592 -51.93703842 10.21169090
v -4.42579651 -51.93703842 10.03025913
v -4.87419653 -51.93703842 9.81104946
v -5.30296278 -51.93703842 9.55556011
v -5.70916605 -51.93703842 9.26553631
v -6.09003258 -51.93703842 8.94295979
v -6.44295931 -51.93703842 8.59003258
v -6.76553679 -51.93703842 8.20916653
v -7.05556059 -51.93703842 7.80296278
v -7.31104994 -51.93703842 7.37419653
v -7.53025913 -51.93703842 6.92579651
v -7.78892212 -51.93882406 6.22343476
v -7.60352535 -52.29287307 4.78727500
v 2.00835947 -51.86888284 10.61438068
v -2.32667512 -51.95553490 10.51363473
v -2.26769701 -52.30725955 10.08658133
v -2.92367601 -52.29110718 10.03528690
v -3.62983521 -52.28637140 9.88044804
v -4.25424433 -52.29110718 9.63915920
v -4.67093325 -52.29110718 9.43545246
v -5.06937742 -52.29110718 9.19803143
v -5.44685411 -52.29110718 8.92851830
v -5.80078554 -52.29110718 8.62875366
v -6.12875366 -52.29110718 8.30078506
v -6.57077679 -52.29241763 7.76347344
v -7.04266485 -52.29238999 6.96520336
v -7.38276786 -52.29241788 6.10251861
v -7.53528690 -52.29110718 5.42367601
v 7.60171254 -52.29387447 4.80750160
v 2.00713076 -52.21779533 10.20931626
v -2.01151281 -52.63034474 9.61280119
v -2.61530468 -52.60267993 9.62316034
v -3.26520228 -52.60421753 9.49617100
v -3.67346144 -52.60421753 9.37462711
v -4.26413347 -52.60505485 9.13134717
v -4.99053841 -52.60082926 8.71041951
v -5.49062681 -52.60421753 8.29183102
v -5.93262545 -52.60082948 7.84744770
v -6.31465387 -52.60421753 7.31890392
v -6.64522051 -52.60082935 6.75674043
v -6.94084683 -52.60505490 5.97095496
v -7.08358574 -52.60421753 5.34830046
v -7.15100411 -52.60225655 4.78778321
v 6.66000603 -52.87259514 4.91724056
v 2.16759703 -52.60585156 9.65509204
v -3.33263229 -52.87418096 8.97622174
v -4.05241436 -52.87419162 8.69826965
v -4.74231460 -52.87417146 8.28207041
v -5.47271472 -52.87538263 7.63102291
v -6.03057946 -52.87417161 6.86194293
v -6.35205971 -52.87707048 6.18037948
v -6.57221023 -52.87148893 5.48245984
v -6.66352546 -52.87378753 4.75745755
v -2.44914525 -52.87892642 9.14686583
v -2.40607755 -53.09868876 8.64464212
v -3.19066523 -53.09412078 8.49934903
v -3.67155313 -53.09723282 8.31075764
v -4.15161688 -53.09592230 8.06908107
v -4.55588961 -53.09723282 7.78380728
v -4.81833458 -53.09723282 7.56152773
v -5.18263477 -53.09916693 7.17721331
v -5.56907847 -53.09592230 6.65162079
v -5.81075716 -53.09723282 6.17155313
v -5.98969810 -53.09747349 5.68778082
v -6.10449123 -53.09723282 5.18491840
v -6.15752992 -53.09698880 4.71319550
v 2.23302301 -52.89211980 9.13065868
v -2.00000000 -53.11309814 8.61970139
v 2.00000000 -53.09401321 8.66956806
v -2.20218570 -53.27301008 8.13044438
v -2.89446476 -53.27330363 8.03215675
v -3.59717275 -53.27301755 7.76706203
v -4.21611265 -53.27480529 7.38416519
v -4.76480576 -53.27226179 6.86737822
v -5.12583871 -53.27301962 6.36259381
v -5.39794822 -53.27226180 5.80482853
v -5.55430512 -53.27467517 5.24525994
v -5.63522470 -53.27176005 4.69243908
v 2.00000000 -53.14274216 8.53947258
v -2.00000000 -53.28141022 8.10477161
v 2.00000000 -53.27014542 8.14481640
v -2.18624365 -53.39934302 7.59052432
v -2.76093939 -53.39934177 7.50487537
v -3.44766124 -53.39935077 7.24254143
v -4.19818754 -53.39953246 6.69818820
v -4.80600811 -53.39881120 5.84001416
v -5.07568745 -53.40027266 4.89961054
v 5.08535727 -53.39805807 4.92260953
v 2.17076678 -53.27744784 8.12037005
v -2.00000000 -53.40442276 7.56666565
v 2.00000000 -53.39776993 7.60287333
v -2.33262780 -53.47520352 7.03185115
v -3.12450621 -53.47506187 6.79819828
v -3.80538023 -53.47529859 6.30538294
v -4.29819753 -53.47506188 5.62450784
v -4.53381202 -53.47531383 4.81695291
v 0.17694637 -53.47988834 7.03485387
v -2.48665530 -53.50002925 6.46222264
v -3.04569578 -53.50000000 6.20481443
v -3.30015027 -53.50000100 6.02524418
v -3.90418984 -53.50011017 5.24146270
v 3.98575908 -53.50002030 4.77483585
v 3.69390845 -53.50003458 5.62338384
v 2.67062982 -53.50006815 6.41973250
v 6.16291403 -53.09472832 4.71903672
v 7.15199988 -52.60182764 4.76750136
v 8.02698448 -51.94151449 4.83166050
v 8.41747710 -51.55223081 4.85266237
v 8.76791382 -51.11182404 5.06080532
v 8.78902078 -51.11466036 4.50024632
v 9.09175624 -50.66175862 4.86358180
v 9.37128979 -50.17396756 4.50030272
v 9.34851074 -50.16896820 5.10891485
v 9.59534230 -49.66628860 4.50058061
v 9.57128525 -49.66124344 5.12737465
v 9.74637318 -49.13504410 5.14188290
v 9.77120582 -49.14124494 4.50032156
v 9.89836307 -48.60028019 4.50056477
v 9.87228012 -48.59486771 5.15231562
v 9.94897958 -48.03992903 5.15269286
v 3.95760059 -31.94639015 12.23039055
v 3.28849296 -32.39882198 12.39367328
v 2.65852118 -31.94639015 12.44716835
v 5.88004555 -48.01016137 11.47402819
v 5.14983702 -32.50000000 11.85381031
v 5.57267714 -47.50000000 11.65793133
v 4.56205130 -32.50000000 12.07864666
v 5.02370501 -47.50000000 11.90656471
v 3.93450475 -32.50000000 12.26258278
v 4.46331549 -47.50000000 12.11131191
v 3.60716867 -32.50000000 12.33690071
v 3.86647129 -47.50000000 12.27922153
v 3.24270415 -47.50000000 12.40289116
v 2.00000000 -31.94648552 12.47441387
v -2.00000000 -31.95478058 12.47517681
v 9.86639595 -48.04533005 5.81266928
v 9.73112869 -48.04533005 6.45778751
v 9.54304981 -48.04533005 7.08953238
v 9.25686141 -48.47767518 7.67934633
v 9.01394939 -48.04533005 8.29576015
v 8.63361350 -48.45139320 8.83741193
v 8.29352665 -48.04533005 9.39844894
v 7.86752081 -48.04533005 9.90143299
v 7.40143347 -48.04533005 10.36752033
v 6.89844894 -48.04533005 10.79352665
v 6.38705363 -48.03514589 11.16185870
v 5.20358801 -48.04533005 11.80344486
v 4.58953238 -48.04533005 12.04304981
v 3.95778775 -48.04533005 12.23112869
v 3.31266928 -48.04533005 12.36639595
v 4.53700438 -53.47446056 4.86560188
v 4.30062381 -53.47453887 5.62621727
v 3.68912651 -53.47448942 6.44746587
v 2.60982804 -53.47551193 6.99089255
v 2.26427094 -53.40097589 7.58032301
v 3.00433351 -53.39732469 7.44673906
v 3.58186517 -53.39808809 7.16964621
v 4.20049863 -53.39727384 6.71194742
v 4.79062954 -53.39947135 5.86425501
v 2.93258783 -53.27098478 8.02869288
v 3.77029228 -53.27098474 7.69177979
v 4.35548249 -53.27074554 7.28111612
v 4.88167227 -53.27103625 6.74289494
v 5.40328466 -53.27138857 5.82796634
v 5.63082575 -53.27122378 4.85986089
v 2.71686927 -53.09405041 8.61753024
v 3.71698695 -53.09507740 8.30663922
v 4.57480531 -53.09795862 7.77689565
v 5.19296418 -53.09289335 7.19231053
v 5.59917886 -53.09446958 6.60914071
v 5.88520924 -53.09447425 6.01600952
v 6.08412789 -53.09447951 5.35635058
v 2.76971269 -52.86999130 9.11263466
v 3.33475263 -52.87048134 8.98335691
v 4.04794431 -52.86774438 8.71424383
v 4.86387443 -52.88186171 8.17950491
v 5.57964212 -52.86466861 7.53180028
v 6.02262772 -52.87089942 6.88905977
v 6.36052863 -52.87342796 6.18265043
v 6.53331804 -52.86999130 5.64799213
v 2.84946442 -52.59984207 9.59056091
v 3.26693821 -52.59984207 9.50302601
v 3.91213974 -52.60066970 9.29655015
v 4.67555007 -52.60066938 8.91640182
v 5.36597776 -52.60066938 8.41578461
v 5.79703379 -52.59984207 7.99541616
v 6.20797865 -52.60521234 7.48146787
v 6.53891945 -52.59984207 6.95634031
v 6.81216587 -52.60123078 6.37103954
v 7.05119718 -52.60521233 5.54001969
v 2.71693745 -52.28803201 10.07538229
v 3.64326947 -52.28736403 9.87561124
v 4.25691032 -52.28609848 9.64523697
v 4.86970600 -52.28128633 9.34407342
v 5.61083113 -52.29375138 8.79609320
v 6.13363647 -52.28609848 8.30528069
v 6.57769539 -52.28805987 7.76137010
v 6.94128942 -52.28609848 7.17409229
v 7.22155150 -52.28736392 6.58156928
v 7.50750145 -52.28128632 5.66948308
v 2.72339996 -51.93539137 10.50145252
v 3.68323388 -51.93319761 10.30886472
v 4.61639239 -51.93319742 9.95258503
v 5.30632401 -51.93143845 9.56070518
v 5.90989664 -51.93327062 9.11640858
v 6.64345248 -51.93319743 8.37485957
v 7.06070566 -51.93143845 7.80632401
v 7.41392953 -51.94177174 7.17258905
v 7.71750402 -51.93143845 6.46282148
v 7.93789432 -51.91594062 5.74504774
v 3.05950189 -51.53889465 10.84924698
v 3.88263611 -51.54114613 10.65868131
v 4.87065055 -51.54114664 10.26481026
v 5.52072716 -51.53889465 9.88887405
v 6.17538739 -51.51900415 9.42986741
v 6.88972574 -51.55211464 8.67436339
v 7.38887453 -51.53889465 8.02072716
v 7.66120815 -51.53889465 7.56369257
v 8.01640474 -51.54114632 6.79707335
v 8.24006844 -51.53889465 6.08020020
v 8.34924698 -51.53889465 5.55950212
v 3.11777973 -51.11182404 11.19848633
v 3.66711855 -51.11182404 11.08330250
v 4.20506954 -51.11182404 10.92314720
v 4.72795725 -51.11182404 10.71911621
v 5.23221064 -51.11182404 10.47260189
v 5.71438456 -51.11182404 10.18528843
v 6.17118502 -51.11182404 9.85913849
v 6.59949255 -51.11182404 9.49638081
v 6.99638081 -51.11182404 9.09949303
v 7.35913897 -51.11182404 8.67118549
v 7.68528843 -51.11182404 8.21438408
v 7.97260189 -51.11182404 7.73221064
v 8.21911621 -51.11182404 7.22795725
v 8.42314720 -51.11182404 6.70506954
v 8.58330250 -51.11182404 6.16711855
v 8.69848633 -51.11182404 5.61777973
v 3.16931605 -50.65387726 11.50732708
v 3.74398279 -50.65387726 11.38683224
v 4.30673599 -50.65387726 11.21929264
v 4.85373211 -50.65387726 11.00585461
v 5.38123465 -50.65387726 10.74797440
v 5.88563967 -50.65387726 10.44741440
v 6.36350155 -50.65387726 10.10622692
v 6.81155682 -50.65387726 9.72674370
v 7.22674370 -50.65387726 9.31155682
v 7.60622692 -50.65387726 8.86350155
v 7.94741392 -50.65387726 8.38563919
v 8.24797440 -50.65387726 7.88123465
v 8.50585461 -50.65387726 7.35373211
v 8.71929264 -50.65387726 6.80673599
v 8.88683224 -50.65387726 6.24398279
v 9.00732708 -50.65387726 5.66931581
v 2.60891485 -50.16896820 11.84851074
v 3.21367025 -50.16896820 11.77312756
v 3.81013513 -50.16896820 11.64806175
v 4.39423513 -50.16896820 11.47416782
v 4.96197987 -50.16896820 11.25263309
v 5.50949097 -50.16896820 10.98497105
v 6.03302908 -50.16896820 10.67301083
v 6.52901745 -50.16896820 10.31888199
v 6.99406815 -50.16896820 9.92500401
v 7.42500401 -50.16896820 9.49406815
v 7.81888151 -50.16896820 9.02901745
v 8.17301083 -50.16896820 8.53302860
v 8.48497105 -50.16896820 8.00949097
v 8.75263309 -50.16896820 7.46197987
v 8.97416782 -50.16896820 6.89423513
v 9.14806175 -50.16896820 6.31013536
v 9.27312756 -50.16896820 5.71367025
v 2.62737465 -49.66124344 12.07128525
v 3.25046349 -49.66124344 11.99361706
v 3.86501050 -49.66124344 11.86475945
v 4.46681738 -49.66124344 11.68559456
v 5.05177402 -49.66124344 11.45734310
v 5.61588335 -49.66124344 11.18156719
v 6.15529251 -49.66124344 10.86014938
v 6.66631699 -49.66124344 10.49528408
v 7.14546585 -49.66124344 10.08946609
v 7.58946609 -49.66124344 9.64546585
v 7.99528456 -49.66124344 9.16631699
v 8.36014938 -49.66124344 8.65529251
v 8.68156719 -49.66124344 8.11588287
v 8.95734310 -49.66124344 7.55177402
v 9.18559456 -49.66124344 6.96681738
v 9.36475945 -49.66124344 6.36501026
v 9.49361706 -49.66124344 5.75046349
v 2.45241115 -49.14889669 12.25808322
v 3.27938080 -49.13504410 12.16690922
v 3.90813947 -49.13504410 12.03507233
v 4.52386379 -49.13504410 11.85176373
v 5.12234735 -49.13504410 11.61823463
v 5.69950199 -49.13504410 11.33608055
v 6.25138521 -49.13504410 11.00722980
v 6.77422762 -49.13504410 10.63392735
v 7.26445675 -49.13504410 10.21872425
v 7.71872473 -49.13504410 9.76445675
v 8.13392735 -49.13504410 9.27422714
v 8.50722980 -49.13504410 8.75138569
v 8.83608055 -49.13504410 8.19950199
v 9.11823463 -49.13504410 7.62234735
v 9.35176373 -49.13504410 7.02386379
v 9.53507233 -49.13504410 6.40813971
v 9.66690922 -49.13504410 5.77938080
v 2.65231562 -48.59486771 12.37228012
v 3.30017543 -48.59486771 12.29152393
v 3.93915367 -48.59486771 12.15754414
v 4.56488562 -48.59486771 11.97125626
v 5.17309666 -48.59486771 11.73393154
v 5.75963211 -48.59486771 11.44719124
v 6.32048559 -48.59486771 11.11299515
v 6.85182571 -48.59486771 10.73362637
v 7.35002327 -48.59486771 10.31167412
v 7.81167412 -48.59486771 9.85002327
v 8.23362637 -48.59486771 9.35182571
v 8.94719124 -48.59486771 8.25963211
v 9.47125626 -48.59486771 7.06488562
v 9.65754414 -48.59486771 6.43915367
v 9.79152393 -48.59486771 5.80017567
v -10.25000000 -28.50000000 9.50000000
v -10.25000000 -22.50000000 9.50000000
v -10.25000000 -22.50000000 -9.50000000
v -10.25000000 -28.93385887 -9.40098095
v -10.24946111 -28.65221679 -9.49306016
v -10.50000000 -28.78710365 9.19284439
v -10.50000000 -28.69396210 9.22447109
v -10.50000000 -28.78710365 -9.19284439
v -10.49990612 -28.88980594 -9.14231508
v -10.50000000 -22.50000000 -9.25000000
v -10.49987613 -28.61451007 -9.24447898
v -10.50000000 -28.59835434 9.24349022
v -10.50000000 -28.50000000 9.25000000
v -10.50000000 -22.50000000 9.25000000
v 10.25000000 -28.50000000 -9.50000000
v 10.25000000 -28.72249222 -9.47493458
v 10.25000000 -22.50000000 -9.50000000
v 10.25000000 -22.50000000 9.50000000
v 10.25000000 -28.50000000 9.50000000
v 10.25000000 -28.93385887 -9.40098095
v 10.49990613 -28.88980491 -9.14231558
v 10.50000000 -28.78710365 -9.19284439
v 10.49992518 -28.64396815 -9.23795654
v 10.50000000 -28.78710365 9.19284439
v 10.50000000 -28.69396210 9.22447109
v 10.50000000 -28.59835434 9.24349022
v 10.50000000 -22.50000000 9.25000000
v 10.50000000 -28.50000000 9.25000000
v 10.50000000 -28.50000000 -9.25000000
v 10.50000000 -22.50000000 -9.25000000
vn 0.20311826 0.07618082 0.97618618
vn 0.29923676 0.12824591 0.94552121
vn 0.49612287 0.05026961 0.86679586
vn 0.59807542 0.11049805 0.79378585
vn 0.91992795 0.07443668 0.38495682
vn 0.95870408 -0.01076045 0.28420185
vn 0.86503966 0.48114173 0.14215846
vn 0.86347956 0.49798633 0.08007916
vn 0.86308641 0.50477613 0.01681993
vn 0.86269257 0.46021921 0.20966593
vn 0.86285145 0.42326856 0.27628085
vn 0.86066132 0.38235771 0.33625090
vn 0.86212954 0.40521029 -0.30419940
vn 0.86595226 0.43400279 -0.24853221
vn 0.86509249 0.45715458 -0.20645745
vn 0.86356796 0.50395153 -0.01682963
vn 0.86374064 0.49751637 -0.08018460
vn 0.86488575 0.48128738 -0.14260119
vn 0.42314235 0.89541046 -0.13853035
vn 0.38248087 0.88557677 -0.26355677
vn 0.38626540 0.82306203 -0.41637475
vn 0.38663909 0.76052102 -0.52164931
vn 0.38434337 0.71512611 -0.58384486
vn 0.39016884 0.67727401 -0.62375331
vn 0.85613140 0.36605622 -0.36474905
vn 0.38408964 0.62068506 -0.68353874
vn 0.38896701 0.57733070 -0.71790942
vn 0.84334867 0.32407385 -0.42864807
vn 0.82735799 0.28398529 -0.48459376
vn 0.38433949 0.51463825 -0.76644023
vn 0.38078038 0.45913290 -0.80262275
vn 0.80195964 0.24770366 -0.54360245
vn 0.38514686 0.40534871 -0.82906835
vn 0.38669679 0.33007384 -0.86111373
vn 0.76492233 0.19073509 -0.61523488
vn 0.38022762 0.27581944 -0.88280836
vn 0.38496262 0.20603294 -0.89964115
vn 0.34107330 0.15183437 -0.92769355
vn 0.22207730 0.08704609 -0.97113575
vn 0.07358903 0.02643403 -0.99693826
vn 0.84761051 0.34103247 0.40651355
vn 0.82849118 0.29208994 0.47779267
vn 0.79963524 0.23643608 0.55197959
vn 0.75588815 0.18130204 0.62909671
vn 0.37922103 0.18549532 0.90652242
vn 0.37927782 0.25026269 0.89079567
vn 0.38561801 0.30940158 0.86923496
vn 0.39059478 0.38481235 0.83627458
vn 0.38498106 0.43655826 0.81314603
vn 0.39129877 0.50784409 0.76745009
vn 0.38466595 0.55565816 0.73707267
vn 0.39108609 0.61904115 0.68105780
vn 0.38484046 0.66133038 0.64384777
vn 0.39102714 0.71572051 0.57865527
vn 0.38497487 0.75178282 0.53536618
vn 0.39088460 0.79567210 0.46272577
vn 0.38492164 0.82466027 0.41445237
vn 0.38606167 0.85790249 0.33905707
vn 0.38296984 0.88593763 0.26162688
vn 0.42159352 0.89599386 0.13947725
vn 0.00003862 0.93089760 0.36528024
vn 0.02300928 0.97566605 0.21805121
vn 0.00001672 0.95527091 0.29573212
vn 0.07936871 0.98703761 0.13948966
vn 0.00058080 0.15800507 0.98743813
vn 0.00016489 0.22785246 0.97369566
vn 0.00043199 0.30404450 0.95265773
vn 0.00015684 0.37212017 0.92818455
vn 0.00019905 0.44190189 0.89706336
vn 0.00077763 0.58054379 0.81422865
vn 0.00000160 0.63048232 0.77620361
vn 0.00023754 0.73139595 0.68195301
vn 0.00023324 0.78144351 0.62397595
vn 0.00009686 0.82456347 0.56576945
vn 0.00010122 0.86560233 0.50073206
vn 0.00004708 0.90007805 0.43572870
vn 0.00000411 0.97520529 0.22130213
vn 0.00006682 0.97876416 -0.20498954
vn 0.00001160 0.98874483 0.14961169
vn 0.00008094 0.96039599 -0.27863871
vn 0.00022071 0.99117717 -0.13254348
vn 0.16464108 0.98442453 0.06165753
vn -0.00000000 1.00000000 0.00000000
vn 0.19395491 0.98101044 0.00012494
vn 0.16437027 0.98446676 -0.06170585
vn 0.07921698 0.98704800 -0.13950237
vn 0.02298119 0.97564955 -0.21812797
vn 0.00012450 0.93632374 -0.35113793
vn 0.38486376 0.85586629 -0.34550366
vn 0.00009926 0.87413839 -0.48567692
vn 0.38546602 0.79204022 -0.47337959
vn 0.00003164 0.79271112 -0.60959748
vn 0.00005217 0.74699972 -0.66482434
vn 0.00001141 0.69337506 -0.72057687
vn 0.00000991 0.63795337 -0.77007499
vn 0.00012188 0.58924399 -0.80795514
vn 0.00008678 0.44540261 -0.89533039
vn 0.00000341 0.37007372 -0.92900239
vn 0.00001627 0.29876138 -0.95432785
vn 0.00001159 0.23263176 -0.97256489
vn 0.39197422 0.02793510 -0.91955198
vn 0.95870956 -0.01119019 -0.28416678
vn 0.59688115 0.11036044 -0.79470338
vn 0.91996324 0.07429022 -0.38490076
vn 0.41760764 0.90862742 -0.00026846
vn 0.00000386 0.10773543 -0.99417960
vn -0.00000245 0.09364911 0.99560527
vn 0.00003893 0.14295947 0.98972854
vn 0.00000725 0.21009396 0.97768120
vn 0.00002788 0.28816943 0.95757944
vn 0.00000612 0.35514828 0.93480998
vn 0.00000920 0.42562518 0.90489955
vn 0.00007618 0.50609652 0.86247684
vn 0.00007608 0.56699724 0.82371969
vn 0.00005884 0.74299515 0.66929680
vn 0.00006390 0.79259652 0.60974646
vn 0.00005639 0.83514850 0.55002453
vn 0.00005471 0.87489152 0.48431893
vn 0.00004543 0.90834398 0.41822387
vn 0.00003905 0.93761808 0.34766699
vn 0.00000076 0.95501095 -0.29657053
vn 0.00003993 0.96083783 0.27711127
vn 0.00004216 0.90535123 -0.42466357
vn 0.00003301 0.83279268 -0.55358500
vn 0.00000350 0.73520808 -0.67784148
vn 0.00000873 0.57148573 -0.82061200
vn 0.00001283 0.51185949 -0.85906918
vn 0.00001082 0.45999218 -0.88792297
vn 0.00000844 0.38496581 -0.92293083
vn 0.00000883 0.31563849 -0.94887952
vn 0.00000564 0.24670080 -0.96909170
vn 0.00000574 0.16821448 -0.98575042
vn -0.00007527 0.16175031 0.98683171
vn -0.00011210 0.23266366 0.97255725
vn -0.00011703 0.30788361 0.95142402
vn -0.00009763 0.37558961 0.92678608
vn -0.00010384 0.44693384 0.89456701
vn -0.00007807 0.50962635 0.86039583
vn -0.00004561 0.57648020 0.81711112
vn -0.00001584 0.73104354 0.68233082
vn -0.00001791 0.78022131 0.62550357
vn -0.00001609 0.82460430 0.56570995
vn -0.00001571 0.86523954 0.50135869
vn -0.00001024 0.89995935 0.43597382
vn -0.00000758 0.93068594 0.36581919
vn -0.00000367 0.95512819 0.29619273
vn 0.00004127 0.97908632 0.20344525
vn -0.00000788 0.97481058 0.22303436
vn 0.00000132 0.98844948 -0.15155073
vn 0.00004410 0.99153138 0.12986734
vn 0.00005436 0.99855976 0.05365081
vn -0.00003704 0.99542729 0.09552234
vn 0.00006091 0.99979348 -0.02032223
vn -0.00008531 0.99980891 0.01954808
vn -0.00009965 0.99846584 -0.05537103
vn -0.00004269 0.97896653 -0.20402090
vn -0.00004489 0.96082727 -0.27714791
vn -0.00002606 0.93748905 -0.34801478
vn -0.00018601 0.90826016 -0.41840584
vn -0.00002196 0.87522610 -0.48371404
vn -0.00016419 0.83594155 -0.54881845
vn -0.00001727 0.79329400 -0.60883875
vn -0.00001442 0.74576952 -0.66620404
vn -0.00002432 0.69546483 -0.71856013
vn -0.00000107 0.55972010 -0.82868173
vn -0.00000078 0.49286158 -0.87010773
vn -0.00000178 0.29730216 -0.95478344
vn -0.00000022 0.14906939 -0.98882674
vn -0.00006909 0.09453423 -0.99552161
vn -0.00075179 0.14653053 0.98920586
vn -0.29923712 0.12824787 0.94552083
vn -0.20312749 0.07618191 0.97618417
vn -0.00081354 0.21778423 0.97599660
vn -0.37921185 0.18550136 0.90652502
vn -0.00091230 0.29309805 0.95608195
vn -0.37926685 0.25026199 0.89080053
vn -0.00052639 0.36010071 0.93291329
vn -0.38050371 0.31450921 0.86965561
vn -0.00082760 0.43358666 0.90111149
vn -0.38552035 0.37534794 0.84290449
vn -0.00044908 0.49506637 0.86885504
vn -0.38596517 0.44929257 0.80570905
vn -0.00062243 0.56672748 0.82390508
vn -0.38236777 0.50403697 0.77442987
vn -0.38488792 0.55554951 0.73703869
vn 0.00000083 0.68910721 0.72465941
vn -0.38607506 0.61862664 0.68428585
vn -0.00022657 0.74345058 0.66879084
vn -0.37994529 0.66785450 0.64000933
vn -0.00017741 0.79174996 0.61084529
vn -0.38556134 0.71036775 0.58882944
vn -0.00014122 0.83537123 0.54968617
vn -0.38939577 0.75830196 0.52282795
vn -0.00011429 0.87464171 0.48476991
vn -0.38453687 0.79073770 0.47630377
vn -0.00008119 0.90837714 0.41815185
vn -0.38639154 0.82930572 0.40367512
vn -0.00005812 0.93747365 0.34805625
vn -0.38086840 0.85873915 0.34279197
vn -0.00005502 0.96082236 0.27716491
vn -0.00001395 0.97481204 -0.22302799
vn -0.00005157 0.97896274 0.20403911
vn -0.02299083 0.97567830 0.21799836
vn -0.00006710 0.99147325 0.13031039
vn -0.07950732 0.98704150 0.13938317
vn -0.00003673 0.99370262 -0.11204957
vn -0.00010855 0.99846625 0.05536366
vn -0.16451586 0.98444353 0.06168843
vn -0.00009680 0.99980863 -0.01956266
vn -0.19396270 0.98100890 -0.00009959
vn -0.16437431 0.98446704 -0.06169061
vn -0.07952666 0.98703684 -0.13940510
vn -0.00001217 0.95513385 -0.29617448
vn -0.02315476 0.97568178 -0.21796543
vn -0.00000819 0.93109446 -0.36477815
vn -0.00001012 0.90052337 -0.43480762
vn -0.38870251 0.85804239 -0.33566892
vn -0.38433415 0.88418046 -0.26554128
vn -0.00000709 0.86652136 -0.49914000
vn -0.38414024 0.82683325 -0.41083214
vn -0.00000962 0.82598700 -0.56368917
vn -0.39004226 0.79866785 -0.45825397
vn -0.00000332 0.78270122 -0.62239762
vn -0.38438499 0.75656863 -0.52901048
vn -0.00001167 0.73361386 -0.67956655
vn -0.38077912 0.72161862 -0.57816419
vn -0.38562122 0.67700370 -0.62686702
vn -0.00005511 0.64577720 -0.76352590
vn -0.38398271 0.62071230 -0.68357408
vn -0.00005332 0.57938313 -0.81505533
vn -0.38882199 0.57739715 -0.71793453
vn -0.00002695 0.51351009 -0.85808355
vn -0.38846212 0.51154887 -0.76643000
vn -0.00001237 0.45222816 -0.89190229
vn -0.38508611 0.46587267 -0.79666263
vn -0.00000879 0.38461115 -0.92307869
vn -0.38922062 0.39162556 -0.83374860
vn -0.00001026 0.31383241 -0.94947839
vn -0.38540122 0.34263425 -0.85677749
vn -0.00000626 0.24494684 -0.96953651
vn -0.38379512 0.26654070 -0.88411388
vn -0.00000872 0.16892211 -0.98562940
vn -0.37729442 0.20879507 -0.90224916
vn -0.34036082 0.15003173 -0.92824835
vn -0.00120152 0.01192796 -0.99992814
vn -0.20541953 0.07218516 -0.97600826
vn -0.39137913 0.02833181 -0.91979328
vn -0.49613460 0.05026711 0.86678929
vn -0.95870409 -0.01076068 0.28420183
vn -0.59807541 0.11049803 0.79378586
vn -0.92015162 0.07261270 0.38477056
vn -0.83640199 0.53923123 -0.09829237
vn -0.83984234 0.49489010 -0.22304402
vn -0.83917897 0.45846955 -0.29254800
vn -0.84306927 0.41964067 -0.33635683
vn -0.83949964 0.37978012 -0.38859674
vn -0.73972726 0.16707317 -0.65183598
vn -0.78479256 0.21857730 -0.57993499
vn -0.82052819 0.27590315 -0.50061057
vn -0.83857511 0.32566224 -0.43673321
vn -0.42475743 0.89549303 -0.13294118
vn -0.84345540 0.38774962 0.37179728
vn -0.83795044 0.34688892 0.42131597
vn -0.83540681 0.30431568 0.45769798
vn -0.81378069 0.26889558 0.51522438
vn -0.78790422 0.21926399 0.57543918
vn -0.75063254 0.17964165 0.63582990
vn -0.84034879 0.43269915 0.32647413
vn -0.59688115 0.11036044 -0.79470338
vn -0.92018659 0.07247415 -0.38471306
vn -0.95870818 -0.01120998 -0.28417065
vn -0.83919276 0.47615329 0.26274240
vn -0.84317146 0.49909060 0.19992614
vn -0.38509137 0.88358135 0.26643693
vn -0.83500216 0.54197813 0.09503214
vn -0.42135610 0.89684789 0.13462128
vn -0.41759350 0.90863386 0.00041183
vn 0.98143454 0.17181436 -0.08524122
vn 0.98138673 0.17189459 0.08562908
vn 0.98418189 0.17156757 -0.04416543
vn 0.98417817 0.17157524 0.04421838
vn 0.98498088 0.17075016 -0.02563306
vn 0.98498088 0.17075016 0.02563306
vn 0.98515612 0.17123526 -0.01207951
vn 0.98515612 0.17123526 0.01207951
vn 0.98511459 0.17189896 0.00000000
vn -0.95561076 0.20118798 -0.21524744
vn -0.96527097 0.20599319 -0.16068215
vn -0.97013118 0.21163772 -0.11855361
vn -0.97180619 0.21950505 -0.08608287
vn -0.97459581 0.22230456 0.02727071
vn -0.97367285 0.22187664 -0.05226788
vn -0.97421527 0.22457939 -0.02164946
vn -0.96168024 0.27415696 0.00301299
vn -0.96105662 0.26792232 0.06773328
vn -0.97257371 0.21622762 0.08570873
vn -0.96859566 0.20975548 0.13351062
vn -0.95931076 0.20192728 0.19735310
vn 0.22134670 -0.22529399 -0.94881413
vn -0.22095530 -0.22453906 -0.94908428
vn -0.33130123 -0.34404570 -0.87856249
vn -0.98582623 -0.09428832 -0.13876729
vn -0.99587824 -0.08857660 0.01951190
vn 0.99586533 -0.08860681 0.02002709
vn 0.98590088 -0.09410245 -0.13836251
vn -0.03100509 -0.95543556 -0.29356698
vn 0.00423966 -0.61956535 -0.78493363
vn 0.95130741 -0.16322400 -0.26148064
vn 0.90500939 -0.22894013 -0.35853092
vn 0.86948943 -0.35642487 -0.34197872
vn 0.89430853 -0.27909803 -0.34973783
vn 0.83600498 -0.43394674 -0.33583612
vn 0.79459404 -0.51031393 -0.32893770
vn 0.73774211 -0.59432760 -0.32017383
vn 0.66072422 -0.68216392 -0.31320262
vn 0.58228834 -0.75192165 -0.30911829
vn 0.51387868 -0.80166605 -0.30538540
vn 0.44419807 -0.84388375 -0.30091245
vn 0.29181358 -0.90964625 -0.29561552
vn 0.37304624 -0.87815230 -0.29947462
vn 0.19524628 -0.93593565 -0.29309273
vn -0.10314090 -0.95062635 -0.29269693
vn -0.19708116 -0.93551230 -0.29321623
vn -0.29168636 -0.90966676 -0.29567795
vn -0.44751985 -0.84219323 -0.30072670
vn -0.37182540 -0.87880968 -0.29906423
vn -0.53105581 -0.79067677 -0.30464730
vn -0.60939611 -0.72959188 -0.31037408
vn -0.67388450 -0.66802960 -0.31562024
vn -0.73918818 -0.59227843 -0.32063546
vn -0.89414168 -0.44749403 0.01611679
vn -0.93234720 -0.36102100 0.01981267
vn -0.79406749 -0.51115751 -0.32889941
vn -0.83624556 -0.43367349 -0.33559002
vn -0.98280210 -0.18348827 0.02078656
vn -0.86909168 -0.35709739 -0.34228805
vn -0.90477648 -0.22928074 -0.35890091
vn -0.89414205 -0.27964582 -0.34972592
vn -0.95112212 -0.16351020 -0.26197545
vn -0.37691165 -0.35171575 -0.85687434
vn 0.37843943 -0.36293908 -0.85150386
vn 0.35948047 -0.40923564 -0.83862983
vn -0.37265052 -0.38416599 -0.84471775
vn -0.34845640 -0.43455692 -0.83050492
vn -0.31515284 -0.48170913 -0.81770104
vn -0.27896524 -0.51541587 -0.81026223
vn -0.25246700 -0.53489810 -0.80631535
vn -0.23164966 -0.55272816 -0.80051859
vn -0.20143621 -0.57248614 -0.79478492
vn -0.16833997 -0.58889308 -0.79048504
vn -0.13410932 -0.60294305 -0.78643141
vn -0.09807131 -0.61337597 -0.78367846
vn -0.02690329 -0.62275491 -0.78195431
vn -0.06013449 -0.62084456 -0.78162387
vn -0.00599503 -0.62034718 -0.78430443
vn 0.33664152 -0.45102962 -0.82658621
vn 0.28087152 -0.51108897 -0.81234183
vn 0.30618256 -0.48767507 -0.81757279
vn 0.25523462 -0.53973594 -0.80220970
vn 0.20695986 -0.57666336 -0.79033346
vn 0.09311197 -0.61637457 -0.78192874
vn 0.14536698 -0.60298802 -0.78439396
vn 0.01824279 -0.62125145 -0.78339890
vn 0.05663219 -0.61851841 -0.78372685
vn 0.02998275 -0.95527635 -0.29419065
vn 0.03576890 -0.62019661 -0.78363049
vn 0.09962892 -0.95096612 -0.29280970
vn -0.01984505 -0.02161262 0.99956944
vn 0.01984505 0.02161262 0.99956944
vn -0.01943773 0.02213373 0.99956604
vn 0.01986287 0.06525112 0.99767117
vn -0.07731970 0.02238928 0.99675493
vn -0.08032700 0.06244961 0.99481034
vn -0.01952265 0.06606485 0.99762433
vn 0.01943773 -0.02213373 0.99956604
vn 0.07731970 -0.02238928 0.99675493
vn 0.07990041 0.02161007 0.99656858
vn -0.02064962 -0.06640367 0.99757914
vn 0.02040722 -0.06732697 0.99752224
vn 0.08264703 -0.09190914 0.99233169
vn -0.08478816 -0.01909555 0.99621600
vn -0.15493123 0.02218643 0.98767610
vn -0.16017602 -0.07088476 0.98453999
vn -0.08248998 -0.09398993 0.99214984
vn -0.02051258 -0.11088303 0.99362175
vn -0.23226821 0.02197431 0.97240352
vn -0.18946000 -0.01810204 0.98172156
vn -0.25084476 -0.02297308 0.96775469
vn -0.30458619 0.01639782 0.95234362
vn -0.31920492 -0.02274905 0.94741263
vn -0.24567854 -0.09483470 0.96470121
vn -0.37544189 0.00741428 0.92681628
vn -0.39284233 -0.02325451 0.91931177
vn -0.32324146 -0.09300998 0.94173462
vn -0.41525853 0.00126018 0.90970257
vn -0.46575100 -0.02764020 0.88448404
vn -0.40006983 -0.09333317 0.91171983
vn -0.47316401 -0.09311474 0.87603965
vn -0.53833462 -0.08452617 0.83848146
vn -0.60761341 -0.09415252 0.78863252
vn -0.67222048 -0.10182983 0.73331461
vn -0.73045594 -0.10712020 0.67450677
vn -0.78363751 -0.11116025 0.61119199
vn -0.83150757 -0.11348431 0.54379820
vn -0.87377140 -0.11408213 0.47276718
vn -0.91016016 -0.11296211 0.39855744
vn -0.94044012 -0.11012177 0.32162957
vn -0.96439633 -0.10556363 0.24247895
vn -0.98184888 -0.09945920 0.16149501
vn -0.99244983 -0.09308226 0.07986880
vn -0.23791744 0.04736441 0.97012984
vn -0.16241364 0.05563364 0.98515314
vn -0.02089526 -0.15518285 0.98766476
vn 0.02060603 -0.11199899 0.99349465
vn -0.08303525 -0.18351182 0.97950424
vn -0.02022932 -0.19965035 0.97965837
vn -0.16191226 -0.18107163 0.97005025
vn -0.24131169 -0.18362155 0.95291752
vn -0.31917859 -0.18362127 0.92973558
vn -0.39486520 -0.18362124 0.90020260
vn -0.46767348 -0.18380566 0.86457909
vn -0.53806828 -0.18299029 0.82279832
vn -0.60395534 -0.18345975 0.77561619
vn -0.66576579 -0.18362116 0.72321448
vn -0.72321443 -0.18362141 0.66576578
vn -0.77572288 -0.18362106 0.60376926
vn -0.82293204 -0.18362109 0.53764872
vn -0.86452002 -0.18362157 0.46785495
vn -0.90020260 -0.18362124 0.39486520
vn -0.92973558 -0.18362127 0.31917859
vn -0.95291752 -0.18362155 0.24131169
vn -0.96962042 -0.18353773 0.16171006
vn -0.97962861 -0.18358542 0.08138909
vn -0.95858272 -0.27351865 0.07941484
vn -0.96164009 -0.27355508 0.02039513
vn 0.02070398 -0.15724998 0.98734178
vn -0.02071319 -0.24353131 0.96967183
vn 0.02035718 -0.20249809 0.97907104
vn -0.08192265 -0.27336890 0.95841438
vn -0.01924960 -0.28702794 0.95772878
vn -0.15831800 -0.27352047 0.94874758
vn -0.23612431 -0.27352046 0.93243330
vn -0.31231714 -0.27352055 0.90974970
vn -0.38637720 -0.27352025 0.88085148
vn -0.45779780 -0.27352037 0.84593604
vn -0.52609088 -0.27352050 0.80524215
vn -0.59079037 -0.27352047 0.75904762
vn -0.65145437 -0.27352032 0.70766788
vn -0.70766796 -0.27352024 0.65145432
vn -0.75904771 -0.27351997 0.59079048
vn -0.80524222 -0.27352036 0.52609084
vn -0.84593606 -0.27352038 0.45779776
vn -0.88085145 -0.27352025 0.38637726
vn -0.90974970 -0.27352054 0.31231715
vn -0.93243332 -0.27352042 0.23612431
vn -0.94874758 -0.27352046 0.15831797
vn -0.92934969 -0.36108029 0.07700762
vn 0.01062454 -0.33497119 0.94216847
vn -0.01938882 -0.33606792 0.94163816
vn -0.08082372 -0.36022541 0.92935740
vn -0.15348982 -0.36109097 0.91981204
vn -0.22892296 -0.36109089 0.90399538
vn -0.30279196 -0.36109130 0.88200346
vn -0.37459282 -0.36109132 0.85398670
vn -0.44383562 -0.36109098 0.82013611
vn -0.51004625 -0.36109106 0.78068308
vn -0.57277194 -0.36109145 0.73589759
vn -0.63158565 -0.36109127 0.68608503
vn -0.68608477 -0.36109120 0.63158597
vn -0.73589767 -0.36109105 0.57277210
vn -0.78068334 -0.36109105 0.51004586
vn -0.82013611 -0.36109097 0.44383563
vn -0.85398670 -0.36109132 0.37459282
vn -0.88200344 -0.36109130 0.30279201
vn -0.90399539 -0.36109085 0.22892299
vn -0.91981206 -0.36109094 0.15348978
vn -0.89184876 -0.44591992 0.07590264
vn 0.01543434 -0.34242106 0.93941982
vn -0.07796174 -0.44574185 0.89176015
vn -0.01614142 -0.41774884 0.90841916
vn -0.14735193 -0.44558448 0.88302994
vn -0.21976879 -0.44558474 0.86784556
vn -0.29068390 -0.44558466 0.84673324
vn -0.35961353 -0.44558465 0.81983683
vn -0.42608686 -0.44558504 0.78733980
vn -0.48964991 -0.44558475 0.74946460
vn -0.54986780 -0.44558471 0.70646986
vn -0.60632928 -0.44558480 0.65864937
vn -0.65864913 -0.44558486 0.60632949
vn -0.70646978 -0.44558498 0.54986769
vn -0.74946484 -0.44558473 0.48964958
vn -0.78733981 -0.44558509 0.42608678
vn -0.81983677 -0.44558469 0.35961363
vn -0.84673323 -0.44558466 0.29068394
vn -0.86784554 -0.44558477 0.21976882
vn -0.88302994 -0.44558449 0.14735193
vn -0.84808280 -0.52782499 0.04643648
vn 0.01628665 -0.42921904 0.90305357
vn -0.04957494 -0.51350009 0.85665628
vn -0.13743550 -0.52651486 0.83898366
vn -0.20873944 -0.52628076 0.82429146
vn -0.27609513 -0.52628064 0.80423887
vn -0.34156588 -0.52628083 0.77869201
vn -0.40470346 -0.52628084 0.74782590
vn -0.46507597 -0.52628079 0.71185172
vn -0.52227177 -0.52628079 0.67101470
vn -0.57589987 -0.52628076 0.62559404
vn -0.62559384 -0.52628087 0.57589998
vn -0.67101467 -0.52628069 0.52227191
vn -0.71185180 -0.52628084 0.46507579
vn -0.74782600 -0.52628075 0.40470341
vn -0.77869201 -0.52628079 0.34156593
vn -0.80423886 -0.52628064 0.27609516
vn -0.82429146 -0.52628076 0.20873943
vn -0.83883792 -0.52702511 0.13636521
vn -0.79618485 -0.60312149 0.04831297
vn -0.01212224 -0.54731909 0.83683622
vn 0.04422425 -0.52186088 0.85188347
vn -0.06708520 -0.60011638 0.79709467
vn -0.13351580 -0.60262645 0.78677500
vn -0.19592805 -0.60249272 0.77370196
vn -0.25915075 -0.60249297 0.75487953
vn -0.32060273 -0.60249335 0.73090057
vn -0.37986489 -0.60249281 0.70192954
vn -0.43653270 -0.60249268 0.66816299
vn -0.49021827 -0.60249267 0.62983222
vn -0.54055492 -0.60249283 0.58719909
vn -0.58719887 -0.60249303 0.54055493
vn -0.62983192 -0.60249310 0.49021813
vn -0.66816291 -0.60249304 0.43653231
vn -0.70192934 -0.60249298 0.37986498
vn -0.73090065 -0.60249319 0.32060287
vn -0.75487958 -0.60249293 0.25915072
vn -0.77370192 -0.60249277 0.19592804
vn -0.78788140 -0.60234077 0.12817369
vn -0.73780674 -0.67386202 0.03938532
vn 0.04853384 -0.59900422 0.79927367
vn -0.01759967 -0.61926138 0.78498764
vn -0.08988585 -0.67374304 0.73347859
vn -0.17820523 -0.67363851 0.71725453
vn -0.23999367 -0.67356917 0.69907626
vn -0.29690258 -0.67356897 0.67687052
vn -0.35178398 -0.67356913 0.65004051
vn -0.40426244 -0.67356938 0.61876988
vn -0.45397947 -0.67356916 0.58327287
vn -0.50059562 -0.67356901 0.54379115
vn -0.54379150 -0.67356906 0.50059518
vn -0.58327281 -0.67356922 0.45397945
vn -0.61876999 -0.67356916 0.40426265
vn -0.65004043 -0.67356899 0.35178439
vn -0.67687040 -0.67356899 0.29690280
vn -0.69849060 -0.67361481 0.24156568
vn -0.71570987 -0.67536533 0.17787934
vn -0.72844530 -0.67425088 0.12146273
vn -0.66704865 -0.73978399 0.08812348
vn -0.67374572 -0.73885068 0.01289884
vn 0.04100167 -0.66865775 0.74243900
vn -0.01717677 -0.68456098 0.72875320
vn -0.11099257 -0.73881628 0.66470381
vn -0.16385422 -0.73873353 0.65377715
vn -0.22132578 -0.73939716 0.63585119
vn -0.26945565 -0.73956388 0.61679731
vn -0.32069963 -0.73890209 0.59260058
vn -0.36854081 -0.73890203 0.56409349
vn -0.41386412 -0.73890208 0.53173321
vn -0.45636112 -0.73890193 0.49574032
vn -0.49589309 -0.73958206 0.45509167
vn -0.52941576 -0.73932805 0.41606849
vn -0.56542566 -0.73932807 0.36563345
vn -0.59008233 -0.74017182 0.32241049
vn -0.61799252 -0.74009457 0.26522683
vn -0.64590552 -0.73976390 0.18856150
vn -0.60104537 -0.79857035 0.03209133
vn 0.01623273 -0.72819626 0.68517640
vn -0.03994185 -0.74290363 0.66820569
vn -0.03148202 -0.80058617 0.59839006
vn -0.10077452 -0.79772004 0.59454792
vn -0.17510150 -0.79717434 0.57779974
vn -0.23860818 -0.79733010 0.55437428
vn -0.28822025 -0.79870533 0.52820346
vn -0.32756321 -0.79797379 0.50590530
vn -0.37197927 -0.79842959 0.47343597
vn -0.40712288 -0.79898130 0.44258316
vn -0.44430678 -0.79759774 0.40795752
vn -0.49254190 -0.79808533 0.34707678
vn -0.54007918 -0.79901574 0.26436401
vn -0.57770805 -0.79761024 0.17341082
vn -0.59477829 -0.79712026 0.10410609
vn 0.60117386 -0.79815132 0.03929952
vn 0.01580208 -0.78786975 0.61563914
vn -0.00978157 -0.85523565 0.51814699
vn -0.06697943 -0.84955500 0.52323040
vn -0.12282420 -0.85109427 0.51044370
vn -0.17568677 -0.85089394 0.49508956
vn -0.23335126 -0.85077487 0.47088142
vn -0.30273429 -0.85030210 0.43050933
vn -0.35418839 -0.85098315 0.38778636
vn -0.40269918 -0.84941238 0.34107474
vn -0.44190821 -0.85010358 0.28642808
vn -0.47683767 -0.84843329 0.22975375
vn -0.50356673 -0.85030460 0.15297919
vn -0.51968499 -0.84996896 0.08648856
vn -0.52621653 -0.84977809 0.03119865
vn 0.44548452 -0.89439949 0.03991373
vn 0.02440846 -0.84945063 0.52710326
vn -0.12527948 -0.89568827 0.42667033
vn -0.19657844 -0.89454902 0.40142119
vn -0.26323510 -0.89474108 0.36075710
vn -0.33122357 -0.89533991 0.29775392
vn -0.38236084 -0.89546456 0.22791099
vn -0.41601489 -0.89497130 0.16111482
vn -0.43679244 -0.89476172 0.09281076
vn -0.44507654 -0.89504402 0.02833844
vn -0.04531320 -0.89624159 0.44124566
vn -0.03830637 -0.93206285 0.36026583
vn -0.10279188 -0.93118299 0.34976001
vn -0.14241614 -0.93245849 0.33202229
vn -0.18638349 -0.93222069 0.31020279
vn -0.22285344 -0.93172597 0.28674563
vn -0.24659792 -0.93185815 0.26613879
vn -0.27905782 -0.93267024 0.22858905
vn -0.30929257 -0.93176309 0.19014637
vn -0.33014899 -0.93241562 0.14697874
vn -0.34668273 -0.93231682 0.10293896
vn -0.35700443 -0.93227828 0.05835275
vn -0.36101292 -0.93233427 0.02055450
vn 0.02586782 -0.89723040 0.44080434
vn -0.00399936 -0.91853672 0.39531543
vn 0.01108954 -0.92709971 0.37465070
vn -0.02104578 -0.96200936 0.27220408
vn -0.06832672 -0.96161920 0.26574420
vn -0.11849710 -0.96190644 0.24636241
vn -0.16557519 -0.96218074 0.21631707
vn -0.20872720 -0.96185575 0.17682330
vn -0.23301234 -0.96208641 0.14175681
vn -0.25525688 -0.96203415 0.09661375
vn -0.26547578 -0.96240230 0.05748412
vn -0.27400585 -0.96158855 0.01637867
vn 0.01225988 -0.94384290 0.33016704
vn -0.00267965 -0.96423105 0.26504963
vn 0.00072339 -0.95494308 0.29678813
vn -0.01585123 -0.98255314 0.18530531
vn -0.04699688 -0.98286294 0.17824626
vn -0.08719567 -0.98275500 0.16306295
vn -0.13138471 -0.98283927 0.12947987
vn -0.16666172 -0.98277970 0.07979931
vn -0.18224363 -0.98289840 0.02641971
vn 0.18482940 -0.98237382 0.02792452
vn 0.02022597 -0.96279694 0.26946792
vn -0.00171721 -0.98574097 0.16826109
vn 0.00163837 -0.98246170 0.18645728
vn -0.01323058 -0.99556568 0.09313396
vn -0.04284698 -0.99542044 0.08545336
vn -0.06709633 -0.99551127 0.06674875
vn -0.08665737 -0.99529545 0.04332984
vn -0.09264217 -0.99561348 0.01308509
vn 0.00022620 -0.99612652 0.08793123
vn -0.00599851 -0.99967504 0.02477584
vn -0.01251194 -0.99971253 0.02045252
vn -0.01661886 -0.99969096 0.01848766
vn -0.02486941 -0.99964559 0.00949813
vn 0.02451829 -0.99968946 0.00445321
vn 0.02240641 -0.99963636 0.01500320
vn 0.00899406 -0.99963952 0.02529683
vn 0.36169110 -0.93209843 0.01928926
vn 0.52707018 -0.84927374 0.03051466
vn 0.67166085 -0.73957793 0.04354514
vn 0.73538457 -0.67622852 0.04386929
vn 0.79600393 -0.60126676 0.06968521
vn 0.79782181 -0.60277747 0.01181862
vn 0.84919649 -0.52598660 0.04694062
vn 0.89430653 -0.44716503 0.01610183
vn 0.89243769 -0.44471718 0.07603689
vn 0.93243188 -0.36080215 0.01981395
vn 0.92983493 -0.35978328 0.07722040
vn 0.95894772 -0.27217208 0.07963436
vn 0.96170821 -0.27331849 0.02035488
vn 0.98288790 -0.18301516 0.02090061
vn 0.97991874 -0.18205413 0.08133612
vn 0.99251226 -0.09225312 0.08005481
vn 0.23174292 0.04999916 0.97149128
vn 0.15366566 0.03326598 0.98756278
vn 0.08312700 0.06402407 0.99448018
vn 0.48474001 -0.08680264 0.87034040
vn 0.38578199 0.00572669 0.92257220
vn 0.44559807 -0.02452838 0.89489704
vn 0.31662267 0.01510572 0.94843128
vn 0.37743686 -0.02182800 0.92577803
vn 0.24997273 0.02179734 0.96800749
vn 0.30654313 -0.02187295 0.95160542
vn 0.20049332 0.02433973 0.97939267
vn 0.23226821 -0.02197431 0.97240352
vn 0.15493123 -0.02219351 0.98767594
vn 0.00571785 0.08991782 0.99593277
vn -0.00471713 0.09020129 0.99591238
vn 0.98191727 -0.09866216 0.16156811
vn 0.96446730 -0.10487288 0.24249642
vn 0.93918039 -0.10529788 0.32688307
vn 0.90401968 -0.16059895 0.39617722
vn 0.87491231 -0.10492830 0.47277743
vn 0.82668207 -0.15658274 0.54044297
vn 0.78700900 -0.10657280 0.60766690
vn 0.73050995 -0.10642967 0.67455759
vn 0.67247213 -0.10111982 0.73318211
vn 0.61073958 -0.09490497 0.78612354
vn 0.54772333 -0.08865922 0.83194873
vn 0.40131290 -0.09424536 0.91107945
vn 0.32333701 -0.09328673 0.94167445
vn 0.24454721 -0.09275486 0.96519076
vn 0.16405412 -0.09236545 0.98211754
vn 0.09446199 -0.99540949 0.01539076
vn 0.08608023 -0.99536156 0.04295996
vn 0.06304099 -0.99534444 0.07290593
vn 0.02277151 -0.99546515 0.09236120
vn 0.01887505 -0.98340719 0.18042737
vn 0.06172548 -0.98241523 0.17621090
vn 0.09473802 -0.98297250 0.15744767
vn 0.13331020 -0.98235517 0.13117433
vn 0.16583413 -0.98264975 0.08305728
vn 0.07246376 -0.96084434 0.26744563
vn 0.13454663 -0.96112925 0.24109700
vn 0.17859485 -0.96134819 0.20955557
vn 0.21818376 -0.96139848 0.16765681
vn 0.25618538 -0.96150414 0.09939239
vn 0.27408789 -0.96125135 0.02952423
vn 0.06570028 -0.93204372 0.35633971
vn 0.14963301 -0.93174158 0.33085886
vn 0.22310179 -0.93233665 0.28455924
vn 0.27596664 -0.93125382 0.23792592
vn 0.31166483 -0.93252775 0.18236508
vn 0.33999632 -0.93101827 0.13269321
vn 0.35336015 -0.93239229 0.07603432
vn 0.07458549 -0.89257384 0.44468972
vn 0.12855839 -0.89590591 0.42523563
vn 0.19953715 -0.89442644 0.40023277
vn 0.27197651 -0.89616628 0.35059204
vn 0.33874077 -0.89462604 0.29137421
vn 0.38409961 -0.89514684 0.22622912
vn 0.41644048 -0.89456470 0.16226932
vn 0.43416604 -0.89377187 0.11256858
vn 0.08608591 -0.84956434 0.52041296
vn 0.12989001 -0.84844516 0.51309784
vn 0.19792158 -0.84950285 0.48905210
vn 0.27383117 -0.84976843 0.45045544
vn 0.34323816 -0.84991512 0.39978976
vn 0.38724108 -0.84940227 0.35855283
vn 0.42989602 -0.84979832 0.30501185
vn 0.46495312 -0.84980508 0.24829403
vn 0.49238442 -0.84982043 0.18805006
vn 0.51633074 -0.84956705 0.10788137
vn 0.08215082 -0.79711249 0.59821645
vn 0.17492525 -0.79591099 0.57959197
vn 0.24177477 -0.79692745 0.55358071
vn 0.31087320 -0.79690322 0.51797984
vn 0.38414502 -0.79826974 0.46389441
vn 0.44283880 -0.79646939 0.41174058
vn 0.49293417 -0.79723148 0.34847936
vn 0.52991274 -0.79581659 0.29303316
vn 0.56206115 -0.79753071 0.21916210
vn 0.59119979 -0.79667891 0.12564041
vn 0.08573840 -0.73761894 0.66975162
vn 0.18695218 -0.73894212 0.64731246
vn 0.28734980 -0.73715796 0.61157848
vn 0.37115790 -0.73907296 0.56215032
vn 0.43812032 -0.73792051 0.51334579
vn 0.51572104 -0.73734039 0.43630375
vn 0.56540010 -0.73950188 0.36532136
vn 0.60361049 -0.73879757 0.29972074
vn 0.64077510 -0.73736777 0.21376631
vn 0.66298936 -0.73603569 0.13673539
vn 0.12382112 -0.67379241 0.72847246
vn 0.21984523 -0.67431982 0.70495450
vn 0.32704231 -0.67363155 0.66276984
vn 0.40562047 -0.67239126 0.61916236
vn 0.48152493 -0.67095940 0.56386809
vn 0.55780710 -0.67556524 0.48214401
vn 0.61685446 -0.67317599 0.40782921
vn 0.65184354 -0.67282697 0.34986264
vn 0.69029910 -0.67429115 0.26233301
vn 0.71419753 -0.67386246 0.18929149
vn 0.72941980 -0.67438070 0.11470583
vn 0.12811922 -0.60154514 0.78849788
vn 0.19393904 -0.60169328 0.77482440
vn 0.26273566 -0.60192632 0.75409196
vn 0.31682471 -0.60369285 0.73155796
vn 0.38327170 -0.60192630 0.70056230
vn 0.43640149 -0.60328614 0.66753245
vn 0.48665662 -0.60241059 0.63266643
vn 0.54393655 -0.60241054 0.58415286
vn 0.58423947 -0.60326452 0.54289609
vn 0.63136423 -0.60188186 0.48899636
vn 0.66886112 -0.60138639 0.43698880
vn 0.70266268 -0.60138657 0.38026221
vn 0.73056545 -0.60169307 0.32286154
vn 0.75646011 -0.60192626 0.25583760
vn 0.77358572 -0.60226267 0.19709089
vn 0.78806108 -0.60138701 0.13150436
vn 0.13658547 -0.52577679 0.83958512
vn 0.20891794 -0.52510274 0.82499722
vn 0.27633194 -0.52510297 0.80492703
vn 0.34185814 -0.52510273 0.77935880
vn 0.40504958 -0.52510261 0.74846649
vn 0.46547420 -0.52510306 0.71246091
vn 0.52271883 -0.52510340 0.67158875
vn 0.57639265 -0.52510317 0.62612951
vn 0.62612959 -0.52510293 0.57639279
vn 0.67158933 -0.52510278 0.52271870
vn 0.71246092 -0.52510301 0.46547424
vn 0.74846629 -0.52510265 0.40504989
vn 0.77935880 -0.52510273 0.34185814
vn 0.80492703 -0.52510297 0.27633194
vn 0.82499721 -0.52510277 0.20891791
vn 0.83986629 -0.52513593 0.13732029
vn 0.07730429 -0.44628849 0.89154396
vn 0.14745357 -0.44434406 0.88363782
vn 0.21991976 -0.44434375 0.86844340
vn 0.29088398 -0.44434437 0.84731611
vn 0.35986149 -0.44434396 0.82040121
vn 0.42638011 -0.44434404 0.78788221
vn 0.48998663 -0.44434406 0.74998097
vn 0.55024642 -0.44434398 0.70695637
vn 0.60674697 -0.44434403 0.65910280
vn 0.65910291 -0.44434407 0.60674682
vn 0.70695640 -0.44434427 0.55024615
vn 0.74998074 -0.44434435 0.48998671
vn 0.78788220 -0.44434387 0.42638031
vn 0.82040121 -0.44434392 0.35986154
vn 0.84731609 -0.44434438 0.29088401
vn 0.86844339 -0.44434374 0.21991978
vn 0.88363782 -0.44434408 0.14745354
vn 0.08182186 -0.35940758 0.92958667
vn 0.15357214 -0.35979953 0.92030424
vn 0.22904514 -0.35979972 0.90447912
vn 0.30295402 -0.35979986 0.88247545
vn 0.37479390 -0.35979991 0.85444342
vn 0.44407275 -0.35979969 0.82057515
vn 0.51031893 -0.35979938 0.78110115
vn 0.57307893 -0.35979932 0.73629137
vn 0.63192373 -0.35979934 0.68645236
vn 0.68645218 -0.35979955 0.63192380
vn 0.73629141 -0.35979947 0.57307880
vn 0.78110116 -0.35979976 0.51031864
vn 0.82057514 -0.35979978 0.44407270
vn 0.85444336 -0.35979990 0.37479404
vn 0.88247545 -0.35979986 0.30295403
vn 0.90447913 -0.35979973 0.22904511
vn 0.92030424 -0.35979953 0.15357214
vn 0.05917688 -0.27186816 0.96051330
vn 0.15633501 -0.27217989 0.94946167
vn 0.23621661 -0.27218955 0.93279932
vn 0.31243974 -0.27218955 0.91010673
vn 0.38652911 -0.27218981 0.88119689
vn 0.45797748 -0.27218938 0.84626802
vn 0.52629725 -0.27218937 0.80555828
vn 0.59102238 -0.27219011 0.75934517
vn 0.65170978 -0.27218980 0.70794568
vn 0.70794560 -0.27218981 0.65170985
vn 0.75934527 -0.27219001 0.59102231
vn 0.80618034 -0.26957478 0.52669033
vn 0.84680236 -0.27147246 0.45741498
vn 0.88187247 -0.26946239 0.38689916
vn 0.91005895 -0.27151916 0.31316137
vn 0.93279930 -0.27218958 0.23621664
vn 0.94911994 -0.27218935 0.15838024
vn 0.08294736 -0.18299026 0.97960926
vn 0.16183817 -0.18226071 0.96983991
vn 0.24137336 -0.18226066 0.95316313
vn 0.31926062 -0.18226018 0.92997521
vn 0.39566620 -0.18161160 0.90025857
vn 0.46710381 -0.18126361 0.86542333
vn 0.53722395 -0.18222829 0.82351884
vn 0.60409866 -0.18250190 0.77573054
vn 0.66593746 -0.18226025 0.72340065
vn 0.72340062 -0.18226004 0.66593756
vn 0.77501927 -0.18406571 0.60453697
vn 0.86409699 -0.18659864 0.46745838
vn 0.92983087 -0.18488528 0.31816975
vn 0.95316314 -0.18226056 0.24137340
vn 0.96983991 -0.18226069 0.16183817
vn -0.57972595 -0.01924355 0.81458426
vn -0.56815795 0.00601133 0.82289757
vn -0.38446096 0.00278772 -0.92313704
vn -0.60004027 -0.26928623 -0.75328388
vn -0.41149716 -0.08476906 -0.90746035
vn -0.98665860 -0.05827412 0.15201622
vn -0.95127699 -0.06951800 0.30039863
vn -0.89401207 -0.15723688 -0.41954617
vn -0.98089076 -0.09329457 -0.17073205
vn -0.77241162 0.00268731 -0.63511658
vn -0.87511038 -0.07917057 -0.47740323
vn -0.87493809 -0.05411901 0.48120106
vn -0.83271245 -0.02396877 0.55318666
vn -0.77213010 0.00312599 0.63545679
vn 0.39124882 -0.02928098 -0.91981900
vn 0.48821926 -0.15760328 -0.85837239
vn 0.38443725 0.00327021 -0.92314533
vn 0.56838124 0.00599700 0.82274346
vn 0.57972387 -0.01924447 0.81458572
vn 0.60861377 -0.27760658 -0.74331949
vn 0.98088995 -0.09329621 -0.17073581
vn 0.89514097 -0.15976336 -0.41617102
vn 0.87948338 -0.09817010 -0.46569477
vn 0.98666132 -0.05826220 0.15200317
vn 0.95127727 -0.06952492 0.30039613
vn 0.87493872 -0.05412395 0.48119937
vn 0.77213010 0.00312599 0.63545679
vn 0.83271245 -0.02396877 0.55318666
vn 0.84144937 -0.02941238 -0.53953486
vn 0.77213010 0.00312599 -0.63545679
f 270//270 251//251 293//293
f 305//305 6//6 304//304
f 903//903 6//6 904//904
f 904//904 696//696 903//903
f 249//249 302//302 303//303
f 271//271 302//302 249//249
f 5//5 104//104 286//286
f 104//104 101//101 103//103
f 102//102 6//6 305//305
f 685//685 897//897 3//3
f 6//6 903//903 680//680
f 680//680 903//903 696//696
f 369//369 376//376 377//377
f 251//251 248//248 250//250
f 174//174 267//267 250//250
f 250//250 267//267 251//251
f 249//249 303//303 410//410
f 900//900 102//102 305//305
f 897//897 685//685 898//898
f 680//680 304//304 6//6
f 679//679 680//680 696//696
f 904//904 699//699 698//698
f 700//700 699//699 904//904
f 682//682 1//1 683//683
f 691//691 1//1 682//682
f 688//688 685//685 687//687
f 687//687 685//685 3//3
f 12//12 53//53 52//52
f 51//51 41//41 52//52
f 54//54 53//53 12//12
f 57//57 118//118 56//56
f 2//2 1//1 3//3
f 2//2 683//683 1//1
f 407//407 886//886 408//408
f 375//375 376//376 369//369
f 337//337 887//887 883//883
f 435//435 433//433 335//335
f 875//875 703//703 874//874
f 104//104 103//103 37//37
f 276//276 274//274 203//203
f 276//276 275//275 274//274
f 57//57 10//10 58//58
f 62//62 122//122 59//59
f 205//205 276//276 203//203
f 883//883 887//887 884//884
f 686//686 685//685 688//688
f 686//686 898//898 685//685
f 898//898 705//705 704//704
f 873//873 704//704 872//872
f 872//872 704//704 705//705
f 706//706 871//871 872//872
f 872//872 705//705 706//706
f 706//706 705//705 898//898
f 676//676 679//679 864//864
f 879//879 679//679 696//696
f 864//864 679//679 879//879
f 702//702 703//703 875//875
f 693//693 377//377 376//376
f 692//692 691//691 693//693
f 693//693 710//710 692//692
f 688//688 687//687 690//690
f 690//690 708//708 688//688
f 689//689 691//691 692//692
f 692//692 690//690 689//689
f 689//689 690//690 687//687
f 689//689 687//687 3//3
f 865//865 710//710 380//380
f 380//380 436//436 865//865
f 380//380 693//693 376//376
f 710//710 693//693 380//380
f 692//692 710//710 709//709
f 709//709 690//690 692//692
f 708//708 690//690 709//709
f 868//868 708//708 709//709
f 369//369 377//377 371//371
f 377//377 683//683 371//371
f 371//371 370//370 369//369
f 683//683 2//2 371//371
f 59//59 58//58 7//7
f 7//7 58//58 10//10
f 7//7 10//10 279//279
f 5//5 279//279 12//12
f 182//182 265//265 180//180
f 251//251 267//267 266//266
f 71//71 185//185 51//51
f 51//51 52//52 71//71
f 12//12 52//52 41//41
f 5//5 12//12 41//41
f 53//53 54//54 115//115
f 197//197 195//195 194//194
f 57//57 56//56 10//10
f 272//272 195//195 197//197
f 4//4 2//2 3//3
f 45//45 2//2 4//4
f 4//4 3//3 5//5
f 133//133 45//45 174//174
f 180//180 266//266 178//178
f 178//178 266//266 267//267
f 410//410 303//303 335//335
f 335//335 433//433 410//410
f 303//303 337//337 335//335
f 410//410 433//433 432//432
f 432//432 433//433 456//456
f 387//387 382//382 386//386
f 373//373 382//382 372//372
f 370//370 372//372 368//368
f 302//302 271//271 888//888
f 890//890 887//887 271//271
f 890//890 884//884 887//887
f 476//476 457//457 496//496
f 456//456 457//457 476//476
f 496//496 457//457 477//477
f 477//477 457//457 331//331
f 477//477 515//515 496//496
f 516//516 497//497 330//330
f 335//335 337//337 338//338
f 338//338 337//337 883//883
f 339//339 303//303 302//302
f 339//339 337//337 303//303
f 302//302 887//887 339//339
f 887//887 337//337 339//339
f 456//456 433//433 434//434
f 433//433 435//435 434//434
f 434//434 457//457 456//456
f 331//331 457//457 332//332
f 332//332 334//334 331//331
f 875//875 874//874 857//857
f 857//857 874//874 873//873
f 35//35 32//32 104//104
f 35//35 34//34 32//32
f 39//39 101//101 40//40
f 163//163 23//23 93//93
f 146//146 274//274 59//59
f 274//274 275//275 199//199
f 147//147 62//62 64//64
f 64//64 205//205 147//147
f 82//82 60//60 84//84
f 105//105 60//60 19//19
f 19//19 84//84 105//105
f 84//84 60//60 105//105
f 60//60 62//62 59//59
f 64//64 62//62 60//60
f 60//60 82//82 64//64
f 59//59 7//7 60//60
f 60//60 7//7 8//8
f 19//19 16//16 17//17
f 19//19 87//87 86//86
f 85//85 19//19 86//86
f 85//85 84//84 19//19
f 222//222 160//160 219//219
f 222//222 161//161 224//224
f 222//222 91//91 161//161
f 86//86 87//87 78//78
f 78//78 87//87 201//201
f 269//269 247//247 270//270
f 270//270 243//243 269//269
f 224//224 161//161 221//221
f 8//8 283//283 285//285
f 5//5 286//286 285//285
f 285//285 283//283 5//5
f 284//284 286//286 104//104
f 104//104 282//282 284//284
f 284//284 282//282 17//17
f 284//284 16//16 286//286
f 17//17 16//16 284//284
f 104//104 278//278 280//280
f 280//280 282//282 104//104
f 17//17 282//282 280//280
f 341//341 299//299 899//899
f 299//299 895//895 899//899
f 883//883 884//884 300//300
f 311//311 677//677 310//310
f 6//6 907//907 905//905
f 904//904 6//6 905//905
f 703//703 702//702 905//905
f 905//905 700//700 904//904
f 905//905 907//907 898//898
f 905//905 704//704 703//703
f 898//898 704//704 905//905
f 706//706 898//898 684//684
f 898//898 686//686 684//684
f 870//870 871//871 706//706
f 674//674 310//310 677//677
f 675//675 676//676 864//864
f 677//677 676//676 675//675
f 675//675 674//674 677//677
f 697//697 879//879 696//696
f 697//697 696//696 904//904
f 904//904 698//698 697//697
f 877//877 698//698 699//699
f 877//877 697//697 698//698
f 859//859 701//701 875//875
f 843//843 861//861 860//860
f 377//377 693//693 682//682
f 682//682 693//693 691//691
f 682//682 683//683 377//377
f 3//3 1//1 681//681
f 681//681 689//689 3//3
f 1//1 691//691 681//681
f 691//691 689//689 681//681
f 370//370 371//371 374//374
f 374//374 372//372 370//370
f 373//373 372//372 374//374
f 44//44 4//4 5//5
f 45//45 4//4 44//44
f 281//281 7//7 279//279
f 281//281 279//279 5//5
f 5//5 283//283 281//281
f 281//281 283//283 8//8
f 8//8 7//7 281//281
f 265//265 266//266 180//180
f 251//251 266//266 265//265
f 116//116 54//54 55//55
f 186//186 52//52 53//53
f 53//53 189//189 186//186
f 195//195 56//56 143//143
f 143//143 194//194 195//195
f 55//55 56//56 117//117
f 117//117 192//192 142//142
f 11//11 56//56 55//55
f 11//11 10//10 56//56
f 279//279 10//10 11//11
f 191//191 141//141 190//190
f 191//191 189//189 188//188
f 54//54 141//141 191//191
f 186//186 189//189 187//187
f 185//185 71//71 187//187
f 52//52 186//186 187//187
f 187//187 71//71 52//52
f 140//140 115//115 188//188
f 188//188 189//189 140//140
f 140//140 189//189 53//53
f 695//695 107//107 171//171
f 171//171 374//374 695//695
f 171//171 172//172 373//373
f 373//373 374//374 171//171
f 174//174 250//250 171//171
f 248//248 172//172 171//171
f 171//171 250//250 248//248
f 65//65 2//2 45//45
f 45//45 133//133 65//65
f 174//174 134//134 176//176
f 176//176 178//178 267//267
f 176//176 267//267 174//174
f 173//173 134//134 174//174
f 885//885 886//886 249//249
f 249//249 410//410 885//885
f 410//410 432//432 409//409
f 409//409 885//885 410//410
f 409//409 432//432 408//408
f 409//409 408//408 886//886
f 886//886 885//885 409//409
f 456//456 455//455 431//431
f 431//431 432//432 456//456
f 408//408 432//432 431//431
f 455//455 454//454 431//431
f 411//411 248//248 389//389
f 389//389 386//386 411//411
f 411//411 172//172 248//248
f 376//376 375//375 379//379
f 379//379 380//380 376//376
f 388//388 386//386 389//389
f 387//387 386//386 388//388
f 249//249 886//886 891//891
f 891//891 892//892 249//249
f 271//271 887//887 888//888
f 888//888 887//887 302//302
f 553//553 535//535 554//554
f 475//475 455//455 456//456
f 456//456 476//476 475//475
f 474//474 454//454 475//475
f 475//475 454//454 455//455
f 475//475 476//476 496//496
f 515//515 477//477 497//497
f 338//338 435//435 335//335
f 336//336 435//435 338//338
f 331//331 334//334 333//333
f 332//332 434//434 435//435
f 457//457 434//434 332//332
f 537//537 518//518 517//517
f 779//779 794//794 778//778
f 825//825 824//824 807//807
f 809//809 826//826 825//825
f 873//873 872//872 856//856
f 856//856 857//857 873//873
f 770//770 779//779 769//769
f 760//760 769//769 759//759
f 760//760 770//770 769//769
f 605//605 576//576 591//591
f 104//104 28//28 25//25
f 29//29 28//28 104//104
f 104//104 32//32 29//29
f 32//32 34//34 33//33
f 27//27 25//25 28//28
f 104//104 37//37 35//35
f 34//34 35//35 36//36
f 36//36 35//35 37//37
f 38//38 103//103 101//101
f 101//101 39//39 38//38
f 38//38 37//37 103//103
f 22//22 23//23 92//92
f 59//59 122//122 63//63
f 63//63 146//146 59//59
f 200//200 62//62 203//203
f 122//122 62//62 200//200
f 203//203 274//274 200//200
f 274//274 146//146 200//200
f 200//200 63//63 122//122
f 146//146 63//63 200//200
f 197//197 199//199 273//273
f 273//273 272//272 197//197
f 273//273 199//199 275//275
f 57//57 58//58 119//119
f 120//120 58//58 59//59
f 62//62 147//147 77//77
f 202//202 205//205 203//203
f 202//202 147//147 205//205
f 202//202 77//77 147//147
f 276//276 205//205 208//208
f 151//151 82//82 84//84
f 64//64 82//82 150//150
f 286//286 16//16 9//9
f 8//8 285//285 9//9
f 9//9 285//285 286//286
f 9//9 60//60 8//8
f 219//219 160//160 90//90
f 90//90 222//222 219//219
f 91//91 222//222 90//90
f 90//90 160//160 21//21
f 21//21 91//91 90//90
f 15//15 91//91 21//21
f 89//89 15//15 21//21
f 159//159 217//217 89//89
f 212//212 149//149 86//86
f 83//83 209//209 210//210
f 81//81 85//85 86//86
f 206//206 85//85 81//81
f 86//86 149//149 81//81
f 81//81 212//212 206//206
f 149//149 212//212 81//81
f 84//84 85//85 153//153
f 159//159 89//89 123//123
f 123//123 89//89 21//21
f 159//159 123//123 216//216
f 80//80 157//157 87//87
f 244//244 269//269 243//243
f 244//244 246//246 247//247
f 247//247 269//269 244//244
f 37//37 243//243 100//100
f 243//243 240//240 100//100
f 270//270 287//287 260//260
f 901//901 895//895 902//902
f 901//901 899//899 895//895
f 901//901 309//309 899//899
f 901//901 902//902 102//102
f 320//320 318//318 604//604
f 318//318 360//360 317//317
f 367//367 648//648 711//711
f 316//316 317//317 360//360
f 360//360 359//359 316//316
f 315//315 316//316 359//359
f 325//325 327//327 349//349
f 334//334 332//332 336//336
f 336//336 332//332 435//435
f 356//356 358//358 357//357
f 357//357 315//315 359//359
f 357//357 300//300 299//299
f 347//347 300//300 357//357
f 680//680 679//679 304//304
f 678//678 677//677 311//311
f 679//679 676//676 678//678
f 676//676 677//677 678//678
f 670//670 314//314 671//671
f 310//310 674//674 312//312
f 312//312 356//356 342//342
f 700//700 905//905 701//701
f 701//701 905//905 702//702
f 701//701 702//702 875//875
f 684//684 870//870 706//706
f 869//869 870//870 684//684
f 674//674 672//672 312//312
f 673//673 672//672 674//674
f 674//674 675//675 673//673
f 313//313 356//356 312//312
f 312//312 672//672 313//313
f 809//809 792//792 793//793
f 793//793 778//778 794//794
f 795//795 779//779 796//796
f 795//795 794//794 779//779
f 673//673 675//675 847//847
f 847//847 846//846 829//829
f 847//847 675//675 864//864
f 796//796 797//797 813//813
f 699//699 860//860 861//861
f 879//879 697//697 878//878
f 697//697 877//877 878//878
f 875//875 857//857 858//858
f 858//858 859//859 875//875
f 858//858 857//857 841//841
f 841//841 859//859 858//858
f 842//842 859//859 841//841
f 843//843 860//860 842//842
f 842//842 860//860 859//859
f 842//842 826//826 843//843
f 842//842 825//825 826//826
f 841//841 824//824 842//842
f 824//824 825//825 842//842
f 701//701 859//859 876//876
f 859//859 860//860 876//876
f 700//700 701//701 876//876
f 876//876 699//699 700//700
f 860//860 699//699 876//876
f 866//866 709//709 710//710
f 866//866 710//710 865//865
f 850//850 866//866 849//849
f 849//849 866//866 865//865
f 51//51 70//70 50//50
f 50//50 70//70 114//114
f 50//50 41//41 51//51
f 138//138 182//182 181//181
f 48//48 49//49 69//69
f 5//5 43//43 44//44
f 42//42 49//49 48//48
f 42//42 50//50 49//49
f 134//134 173//173 66//66
f 184//184 182//182 138//138
f 138//138 50//50 184//184
f 184//184 183//183 185//185
f 265//265 182//182 184//184
f 139//139 183//183 114//114
f 114//114 70//70 139//139
f 185//185 183//183 139//139
f 51//51 185//185 139//139
f 139//139 70//70 51//51
f 263//263 184//184 185//185
f 185//185 187//187 263//263
f 263//263 298//298 251//251
f 189//189 191//191 262//262
f 262//262 187//187 189//189
f 263//263 187//187 262//262
f 262//262 298//298 263//263
f 73//73 141//141 54//54
f 54//54 116//116 73//73
f 190//190 141//141 73//73
f 73//73 116//116 190//190
f 75//75 56//56 118//118
f 75//75 143//143 56//56
f 118//118 194//194 75//75
f 194//194 143//143 75//75
f 74//74 142//142 55//55
f 55//55 117//117 74//74
f 74//74 117//117 142//142
f 55//55 54//54 11//11
f 54//54 12//12 11//11
f 11//11 12//12 279//279
f 291//291 293//293 251//251
f 296//296 291//291 251//251
f 297//297 296//296 251//251
f 193//193 191//191 190//190
f 55//55 142//142 193//193
f 142//142 192//192 193//193
f 193//193 192//192 195//195
f 268//268 191//191 193//193
f 195//195 272//272 193//193
f 193//193 272//272 268//268
f 53//53 115//115 72//72
f 72//72 140//140 53//53
f 115//115 140//140 72//72
f 694//694 107//107 695//695
f 695//695 374//374 694//694
f 694//694 374//374 371//371
f 2//2 107//107 694//694
f 694//694 371//371 2//2
f 170//170 133//133 174//174
f 174//174 171//171 170//170
f 135//135 178//178 175//175
f 178//178 176//176 175//175
f 175//175 67//67 135//135
f 430//430 431//431 454//454
f 407//407 408//408 430//430
f 408//408 431//431 430//430
f 412//412 386//386 382//382
f 412//412 411//411 386//386
f 172//172 411//411 412//412
f 373//373 172//172 412//412
f 412//412 382//382 373//373
f 436//436 380//380 414//414
f 380//380 379//379 414//414
f 381//381 372//372 382//382
f 381//381 368//368 372//372
f 375//375 368//368 378//378
f 378//378 379//379 375//375
f 368//368 381//381 378//378
f 378//378 381//381 384//384
f 892//892 891//891 880//880
f 536//536 329//329 328//328
f 331//331 497//497 477//477
f 333//333 497//497 331//331
f 516//516 535//535 515//515
f 515//515 497//497 516//516
f 516//516 554//554 535//535
f 330//330 497//497 333//333
f 329//329 536//536 516//516
f 516//516 330//330 329//329
f 534//534 513//513 514//514
f 534//534 535//535 553//553
f 534//534 514//514 515//515
f 515//515 535//535 534//534
f 553//553 572//572 552//552
f 575//575 539//539 559//559
f 763//763 772//772 762//762
f 751//751 752//752 762//762
f 459//459 478//478 848//848
f 865//865 436//436 438//438
f 438//438 458//458 865//865
f 480//480 478//478 459//459
f 799//799 815//815 798//798
f 498//498 499//499 518//518
f 478//478 480//480 498//498
f 749//749 760//760 759//759
f 758//758 768//768 757//757
f 768//768 769//769 779//779
f 779//779 778//778 768//768
f 766//766 757//757 767//767
f 757//757 768//768 767//767
f 767//767 768//768 778//778
f 755//755 745//745 756//756
f 756//756 757//757 766//766
f 794//794 795//795 810//810
f 809//809 793//793 810//810
f 810//810 793//793 794//794
f 808//808 825//825 807//807
f 809//809 825//825 808//808
f 808//808 792//792 809//809
f 807//807 824//824 823//823
f 823//823 824//824 841//841
f 857//857 856//856 839//839
f 725//725 321//321 319//319
f 732//732 739//739 731//731
f 731//731 724//724 732//732
f 589//589 760//760 750//750
f 589//589 317//317 316//316
f 592//592 591//591 576//576
f 721//721 728//728 727//727
f 791//791 808//808 807//807
f 792//792 808//808 791//791
f 791//791 790//790 776//776
f 800//800 799//799 784//784
f 722//722 728//728 721//721
f 721//721 718//718 722//722
f 736//736 737//737 745//745
f 736//736 744//744 735//735
f 735//735 727//727 736//736
f 736//736 727//727 728//728
f 744//744 736//736 745//745
f 745//745 755//755 744//744
f 764//764 763//763 754//754
f 764//764 773//773 763//763
f 755//755 756//756 765//765
f 765//765 756//756 766//766
f 765//765 766//766 776//776
f 773//773 772//772 763//763
f 786//786 773//773 787//787
f 787//787 803//803 786//786
f 166//166 232//232 127//127
f 129//129 33//33 34//34
f 25//25 27//27 26//26
f 125//125 163//163 93//93
f 125//125 225//225 163//163
f 92//92 223//223 162//162
f 162//162 224//224 22//22
f 22//22 92//92 162//162
f 296//296 273//273 275//275
f 57//57 119//119 76//76
f 196//196 199//199 197//197
f 58//58 120//120 61//61
f 274//274 199//199 198//198
f 198//198 61//61 120//120
f 203//203 62//62 148//148
f 148//148 202//202 203//203
f 62//62 77//77 148//148
f 77//77 202//202 148//148
f 154//154 83//83 210//210
f 84//84 83//83 154//154
f 154//154 151//151 84//84
f 207//207 208//208 82//82
f 82//82 151//151 207//207
f 151//151 154//154 207//207
f 210//210 208//208 207//207
f 207//207 154//154 210//210
f 79//79 205//205 64//64
f 64//64 150//150 79//79
f 204//204 208//208 205//205
f 205//205 79//79 204//204
f 204//204 79//79 150//150
f 124//124 221//221 161//161
f 161//161 91//91 124//124
f 124//124 91//91 22//22
f 13//13 23//23 22//22
f 278//278 15//15 18//18
f 18//18 280//280 278//278
f 17//17 280//280 18//18
f 15//15 89//89 18//18
f 18//18 19//19 17//17
f 88//88 217//217 215//215
f 88//88 89//89 217//217
f 206//206 212//212 211//211
f 214//214 157//157 218//218
f 201//201 87//87 214//214
f 87//87 157//157 214//214
f 156//156 78//78 201//201
f 201//201 214//214 156//156
f 156//156 214//214 212//212
f 86//86 78//78 156//156
f 156//156 212//212 86//86
f 210//210 277//277 276//276
f 276//276 208//208 210//210
f 222//222 253//253 220//220
f 160//160 222//222 220//220
f 220//220 217//217 159//159
f 159//159 216//216 220//220
f 220//220 253//253 217//217
f 21//21 160//160 220//220
f 19//19 18//18 20//20
f 20//20 18//18 89//89
f 87//87 19//19 20//20
f 20//20 80//80 87//87
f 89//89 88//88 20//20
f 218//218 157//157 213//213
f 157//157 80//80 213//213
f 169//169 39//39 246//246
f 169//169 244//244 38//38
f 246//246 244//244 169//169
f 242//242 244//244 243//243
f 99//99 238//238 130//130
f 130//130 36//36 99//99
f 34//34 36//36 130//130
f 167//167 238//238 99//99
f 131//131 36//36 37//37
f 37//37 100//100 131//131
f 131//131 100//100 240//240
f 289//289 288//288 270//270
f 254//254 222//222 224//224
f 254//254 253//253 222//222
f 259//259 258//258 270//270
f 256//256 260//260 287//287
f 308//308 901//901 305//305
f 309//309 901//901 308//308
f 304//304 309//309 308//308
f 305//305 304//304 308//308
f 305//305 901//901 900//900
f 900//900 901//901 102//102
f 665//665 604//604 732//732
f 317//317 589//589 666//666
f 666//666 318//318 317//317
f 320//320 360//360 318//318
f 711//711 365//365 367//367
f 353//353 322//322 354//354
f 347//347 349//349 348//348
f 899//899 309//309 311//311
f 311//311 341//341 899//899
f 311//311 310//310 341//341
f 358//358 314//314 315//315
f 315//315 357//357 358//358
f 678//678 304//304 679//679
f 309//309 304//304 678//678
f 678//678 311//311 309//309
f 356//356 313//313 314//314
f 314//314 358//358 356//356
f 313//313 672//672 671//671
f 671//671 314//314 313//313
f 341//341 310//310 342//342
f 356//356 357//357 342//342
f 310//310 312//312 342//342
f 299//299 341//341 342//342
f 342//342 357//357 299//299
f 869//869 684//684 707//707
f 688//688 708//708 707//707
f 707//707 686//686 688//688
f 707//707 684//684 686//686
f 868//868 869//869 707//707
f 707//707 708//708 868//868
f 829//829 846//846 845//845
f 673//673 847//847 830//830
f 830//830 847//847 829//829
f 830//830 813//813 673//673
f 669//669 813//813 797//797
f 670//670 671//671 669//669
f 796//796 813//813 812//812
f 812//812 795//795 796//796
f 812//812 830//830 829//829
f 813//813 830//830 812//812
f 709//709 866//866 867//867
f 867//867 866//866 850//850
f 868//868 709//709 867//867
f 867//867 850//850 868//868
f 478//478 498//498 831//831
f 113//113 50//50 138//138
f 49//49 50//50 113//113
f 138//138 181//181 113//113
f 137//137 182//182 180//180
f 137//137 49//49 182//182
f 137//137 69//69 49//49
f 48//48 69//69 112//112
f 47//47 43//43 48//48
f 47//47 44//44 43//43
f 48//48 68//68 47//47
f 47//47 178//178 135//135
f 135//135 67//67 47//47
f 43//43 42//42 48//48
f 5//5 42//42 43//43
f 41//41 50//50 42//42
f 5//5 41//41 42//42
f 67//67 175//175 110//110
f 45//45 66//66 109//109
f 109//109 66//66 173//173
f 136//136 48//48 180//180
f 136//136 68//68 48//48
f 180//180 178//178 136//136
f 265//265 184//184 264//264
f 184//184 263//263 264//264
f 251//251 265//265 264//264
f 264//264 263//263 251//251
f 268//268 262//262 191//191
f 298//298 262//262 268//268
f 294//294 291//291 275//275
f 293//293 291//291 294//294
f 268//268 272//272 297//297
f 298//298 268//268 297//297
f 298//298 297//297 251//251
f 2//2 65//65 108//108
f 108//108 65//65 133//133
f 133//133 170//170 108//108
f 385//385 414//414 379//379
f 379//379 378//378 385//385
f 385//385 378//378 384//384
f 248//248 881//881 392//392
f 881//881 395//395 392//392
f 389//389 248//248 392//392
f 601//601 587//587 602//602
f 602//602 612//612 601//601
f 603//603 327//327 325//325
f 573//573 327//327 603//603
f 609//609 622//622 621//621
f 323//323 322//322 647//647
f 613//613 602//602 603//603
f 555//555 572//572 553//553
f 553//553 554//554 555//555
f 555//555 587//587 572//572
f 536//536 555//555 554//554
f 554//554 516//516 536//536
f 556//556 328//328 327//327
f 514//514 513//513 495//495
f 513//513 494//494 495//495
f 496//496 515//515 495//495
f 515//515 514//514 495//495
f 495//495 475//475 496//496
f 474//474 475//475 495//495
f 495//495 494//494 474//474
f 571//571 552//552 572//572
f 571//571 586//586 570//570
f 571//571 572//572 587//587
f 587//587 586//586 571//571
f 513//513 534//534 533//533
f 533//533 534//534 553//553
f 553//553 552//552 533//533
f 610//610 622//622 609//609
f 570//570 586//586 585//585
f 587//587 601//601 600//600
f 600//600 586//586 587//587
f 650//650 642//642 652//652
f 772//772 771//771 762//762
f 762//762 771//771 761//761
f 761//761 751//751 762//762
f 751//751 605//605 741//741
f 761//761 590//590 751//751
f 761//761 771//771 557//557
f 557//557 771//771 537//537
f 761//761 557//557 574//574
f 590//590 576//576 605//605
f 605//605 751//751 590//590
f 576//576 590//590 575//575
f 595//595 596//596 607//607
f 594//594 578//578 579//579
f 517//517 499//499 519//519
f 479//479 480//480 460//460
f 459//459 439//439 460//460
f 460//460 480//480 459//459
f 518//518 499//499 517//517
f 537//537 798//798 518//518
f 499//499 498//498 480//480
f 479//479 499//499 480//480
f 662//662 365//365 711//711
f 727//727 720//720 721//721
f 730//730 729//729 723//723
f 750//750 749//749 739//739
f 760//760 749//749 750//750
f 731//731 739//739 730//730
f 737//737 729//729 738//738
f 729//729 730//730 738//738
f 769//769 768//768 759//759
f 768//768 758//758 759//759
f 777//777 767//767 778//778
f 777//777 776//776 766//766
f 766//766 767//767 777//777
f 777//777 793//793 792//792
f 778//778 793//793 777//777
f 792//792 791//791 777//777
f 777//777 791//791 776//776
f 746//746 756//756 745//745
f 757//757 756//756 746//746
f 745//745 737//737 746//746
f 807//807 823//823 806//806
f 806//806 791//791 807//807
f 790//790 791//791 806//806
f 788//788 789//789 804//804
f 804//804 787//787 788//788
f 803//803 787//787 804//804
f 871//871 870//870 854//854
f 854//854 872//872 871//871
f 841//841 857//857 840//840
f 857//857 839//839 840//840
f 840//840 823//823 841//841
f 725//725 648//648 321//321
f 739//739 732//732 740//740
f 740//740 750//750 739//739
f 796//796 779//779 780//780
f 779//779 770//770 780//780
f 315//315 314//314 670//670
f 760//760 589//589 667//667
f 667//667 770//770 760//760
f 607//607 596//596 608//608
f 591//591 592//592 614//614
f 741//741 605//605 627//627
f 735//735 743//743 734//734
f 801//801 800//800 784//784
f 799//799 800//800 817//817
f 817//817 801//801 818//818
f 800//800 801//801 817//817
f 744//744 755//755 754//754
f 754//754 755//755 765//765
f 765//765 764//764 754//754
f 775//775 789//789 788//788
f 775//775 765//765 776//776
f 776//776 790//790 775//775
f 790//790 789//789 775//775
f 785//785 773//773 786//786
f 785//785 801//801 784//784
f 786//786 801//801 785//785
f 784//784 772//772 785//785
f 772//772 773//773 785//785
f 788//788 787//787 775//775
f 763//763 762//762 752//752
f 743//743 744//744 754//754
f 735//735 744//744 743//743
f 742//742 751//751 741//741
f 752//752 751//751 742//742
f 743//743 752//752 742//742
f 742//742 734//734 743//743
f 230//230 96//96 126//126
f 98//98 129//129 34//34
f 236//236 129//129 98//98
f 93//93 23//23 24//24
f 24//24 125//125 93//93
f 25//25 26//26 24//24
f 95//95 26//26 27//27
f 94//94 24//24 26//26
f 291//291 296//296 295//295
f 295//295 296//296 275//275
f 275//275 291//291 295//295
f 144//144 196//196 197//197
f 197//197 57//57 144//144
f 57//57 76//76 144//144
f 119//119 196//196 144//144
f 144//144 76//76 119//119
f 145//145 198//198 199//199
f 61//61 198//198 145//145
f 145//145 199//199 58//58
f 58//58 61//61 145//145
f 218//218 217//217 252//252
f 217//217 253//253 252//252
f 253//253 290//290 252//252
f 252//252 290//290 292//292
f 82//82 208//208 152//152
f 208//208 204//204 152//152
f 152//152 150//150 82//82
f 152//152 204//204 150//150
f 25//25 24//24 13//13
f 13//13 24//24 23//23
f 104//104 25//25 13//13
f 13//13 278//278 104//104
f 22//22 91//91 14//14
f 14//14 13//13 22//22
f 91//91 15//15 14//14
f 278//278 13//13 14//14
f 14//14 15//15 278//278
f 158//158 88//88 215//215
f 215//215 217//217 158//158
f 158//158 217//217 218//218
f 218//218 20//20 158//158
f 158//158 20//20 88//88
f 261//261 211//211 212//212
f 261//261 214//214 218//218
f 212//212 214//214 261//261
f 218//218 252//252 261//261
f 210//210 209//209 155//155
f 155//155 211//211 210//210
f 85//85 211//211 155//155
f 209//209 153//153 155//155
f 155//155 153//153 85//85
f 206//206 211//211 85//85
f 80//80 20//20 121//121
f 121//121 213//213 80//80
f 106//106 38//38 39//39
f 39//39 169//169 106//106
f 106//106 169//169 38//38
f 38//38 244//244 168//168
f 244//244 242//242 168//168
f 37//37 38//38 132//132
f 38//38 168//168 132//132
f 132//132 168//168 242//242
f 270//270 290//290 289//289
f 257//257 243//243 270//270
f 270//270 258//258 257//257
f 235//235 232//232 166//166
f 270//270 288//288 287//287
f 164//164 94//94 229//229
f 229//229 94//94 26//26
f 229//229 95//95 228//228
f 26//26 95//95 229//229
f 902//902 908//908 102//102
f 894//894 902//902 895//895
f 908//908 902//902 894//894
f 894//894 895//895 299//299
f 347//347 328//328 346//346
f 346//346 328//328 329//329
f 329//329 330//330 345//345
f 345//345 346//346 329//329
f 725//725 665//665 732//732
f 665//665 725//725 319//319
f 648//648 367//367 321//321
f 321//321 361//361 319//319
f 604//604 318//318 666//666
f 666//666 589//589 750//750
f 750//750 604//604 666//666
f 359//359 360//360 362//362
f 362//362 357//357 359//359
f 362//362 360//360 320//320
f 306//306 353//353 355//355
f 353//353 306//306 322//322
f 363//363 365//365 307//307
f 348//348 328//328 347//347
f 327//327 328//328 348//348
f 327//327 348//348 349//349
f 349//349 350//350 325//325
f 671//671 672//672 673//673
f 673//673 813//813 671//671
f 813//813 669//669 671//671
f 844//844 861//861 843//843
f 844//844 845//845 861//861
f 863//863 845//845 846//846
f 863//863 878//878 877//877
f 863//863 847//847 864//864
f 846//846 847//847 863//863
f 864//864 879//879 863//863
f 879//879 878//878 863//863
f 829//829 845//845 828//828
f 828//828 812//812 829//829
f 811//811 810//810 795//795
f 795//795 812//812 811//811
f 811//811 828//828 810//810
f 812//812 828//828 811//811
f 849//849 831//831 832//832
f 833//833 850//850 832//832
f 850//850 849//849 832//832
f 848//848 831//831 849//849
f 848//848 849//849 865//865
f 478//478 831//831 848//848
f 865//865 458//458 848//848
f 69//69 137//137 179//179
f 179//179 112//112 69//69
f 179//179 137//137 180//180
f 44//44 47//47 46//46
f 45//45 44//44 46//46
f 46//46 47//47 67//67
f 67//67 110//110 46//46
f 46//46 66//66 45//45
f 46//46 176//176 134//134
f 134//134 66//66 46//46
f 111//111 47//47 68//68
f 296//296 297//297 272//272
f 272//272 273//273 296//296
f 384//384 381//381 383//383
f 383//383 382//382 387//387
f 383//383 381//381 382//382
f 436//436 414//414 413//413
f 414//414 385//385 413//413
f 413//413 385//385 384//384
f 626//626 326//326 324//324
f 626//626 613//613 326//326
f 602//602 613//613 612//612
f 555//555 556//556 573//573
f 573//573 556//556 327//327
f 555//555 573//573 588//588
f 587//587 555//555 588//588
f 588//588 602//602 587//587
f 603//603 602//602 588//588
f 588//588 573//573 603//603
f 536//536 328//328 556//556
f 555//555 536//536 556//556
f 336//336 338//338 343//343
f 401//401 880//880 891//891
f 891//891 402//402 401//401
f 474//474 494//494 473//473
f 473//473 454//454 474//474
f 512//512 494//494 513//513
f 513//513 533//533 512//512
f 384//384 383//383 417//417
f 600//600 585//585 586//586
f 607//607 608//608 618//618
f 635//635 621//621 622//622
f 783//783 772//772 784//784
f 784//784 799//799 783//783
f 799//799 798//798 783//783
f 771//771 772//772 783//783
f 574//574 575//575 590//590
f 574//574 590//590 761//761
f 578//578 594//594 593//593
f 595//595 594//594 579//579
f 814//814 798//798 815//815
f 814//814 518//518 798//798
f 814//814 498//498 518//518
f 815//815 832//832 814//814
f 814//814 832//832 831//831
f 814//814 831//831 498//498
f 724//724 731//731 730//730
f 726//726 720//720 727//727
f 727//727 734//734 726//726
f 735//735 734//734 727//727
f 730//730 739//739 738//738
f 749//749 738//738 739//739
f 737//737 738//738 747//747
f 747//747 758//758 757//757
f 805//805 804//804 789//789
f 805//805 789//789 790//790
f 790//790 806//806 805//805
f 803//803 804//804 821//821
f 822//822 839//839 821//821
f 821//821 805//805 822//822
f 804//804 805//805 821//821
f 855//855 839//839 856//856
f 855//855 856//856 872//872
f 872//872 854//854 855//855
f 604//604 740//740 732//732
f 750//750 740//740 604//604
f 315//315 670//670 668//668
f 667//667 589//589 316//316
f 770//770 667//667 668//668
f 668//668 670//670 669//669
f 605//605 591//591 614//614
f 614//614 627//627 605//605
f 592//592 576//576 577//577
f 578//578 593//593 577//577
f 577//577 575//575 559//559
f 577//577 576//576 575//575
f 726//726 649//649 720//720
f 786//786 803//803 802//802
f 802//802 801//801 786//786
f 818//818 801//801 802//802
f 833//833 832//832 816//816
f 816//816 832//832 815//815
f 816//816 815//815 799//799
f 799//799 817//817 816//816
f 774//774 764//764 765//765
f 765//765 775//775 774//774
f 773//773 764//764 774//774
f 774//774 787//787 773//773
f 774//774 775//775 787//787
f 753//753 754//754 763//763
f 763//763 752//752 753//753
f 753//753 743//743 754//754
f 752//752 743//743 753//753
f 96//96 27//27 30//30
f 30//30 126//126 96//96
f 28//28 29//29 30//30
f 30//30 27//27 28//28
f 33//33 128//128 31//31
f 127//127 30//30 31//31
f 31//31 30//30 29//29
f 166//166 127//127 31//31
f 31//31 235//235 166//166
f 31//31 29//29 32//32
f 32//32 33//33 31//31
f 234//234 128//128 97//97
f 97//97 128//128 33//33
f 270//270 293//293 292//292
f 210//210 211//211 261//261
f 261//261 277//277 210//210
f 261//261 276//276 277//277
f 252//252 293//293 294//294
f 292//292 293//293 252//252
f 292//292 290//290 270//270
f 253//253 254//254 289//289
f 289//289 290//290 253//253
f 270//270 260//260 259//259
f 232//232 235//235 233//233
f 233//233 259//259 260//260
f 235//235 259//259 233//233
f 239//239 98//98 34//34
f 236//236 98//98 239//239
f 288//288 255//255 256//256
f 256//256 287//287 288//288
f 254//254 255//255 288//288
f 288//288 289//289 254//254
f 224//224 162//162 226//226
f 226//226 162//162 223//223
f 226//226 254//254 224//224
f 255//255 254//254 226//226
f 23//23 163//163 226//226
f 226//226 92//92 23//23
f 226//226 223//223 92//92
f 260//260 256//256 231//231
f 256//256 229//229 231//231
f 231//231 233//233 260//260
f 231//231 229//229 228//228
f 230//230 233//233 231//231
f 231//231 96//96 230//230
f 231//231 27//27 96//96
f 228//228 95//95 231//231
f 231//231 95//95 27//27
f 725//725 732//732 724//724
f 724//724 648//648 725//725
f 665//665 319//319 320//320
f 320//320 604//604 665//665
f 364//364 362//362 361//361
f 357//357 362//362 364//364
f 363//363 355//355 364//364
f 364//364 355//355 353//353
f 364//364 349//349 347//347
f 347//347 357//357 364//364
f 344//344 333//333 334//334
f 843//843 826//826 827//827
f 827//827 844//844 843//843
f 810//810 828//828 827//827
f 845//845 844//844 827//827
f 827//827 828//828 845//845
f 827//827 826//826 809//809
f 809//809 810//810 827//827
f 862//862 863//863 877//877
f 862//862 699//699 861//861
f 877//877 699//699 862//862
f 861//861 845//845 862//862
f 845//845 863//863 862//862
f 68//68 136//136 177//177
f 177//177 111//111 68//68
f 177//177 136//136 178//178
f 416//416 438//438 436//436
f 436//436 413//413 416//416
f 325//325 326//326 613//613
f 325//325 613//613 603//603
f 350//350 326//326 325//325
f 306//306 661//661 656//656
f 625//625 624//624 612//612
f 625//625 612//612 613//613
f 613//613 626//626 625//625
f 623//623 624//624 636//636
f 612//612 624//624 611//611
f 624//624 623//623 611//611
f 601//601 612//612 611//611
f 611//611 600//600 601//601
f 340//340 338//338 883//883
f 340//340 343//343 338//338
f 479//479 460//460 481//481
f 403//403 402//402 891//891
f 891//891 404//404 403//403
f 598//598 585//585 599//599
f 585//585 600//600 599//599
f 609//609 598//598 599//599
f 599//599 610//610 609//609
f 599//599 600//600 610//610
f 715//715 657//657 714//714
f 650//650 652//652 715//715
f 715//715 652//652 657//657
f 635//635 623//623 636//636
f 636//636 646//646 635//635
f 621//621 635//635 634//634
f 634//634 635//635 645//645
f 645//645 635//635 646//646
f 646//646 655//655 645//645
f 537//537 771//771 782//782
f 771//771 783//783 782//782
f 782//782 798//798 537//537
f 782//782 783//783 798//798
f 537//537 517//517 538//538
f 517//517 519//519 538//538
f 539//539 575//575 558//558
f 575//575 574//574 558//558
f 558//558 574//574 557//557
f 614//614 593//593 606//606
f 606//606 593//593 594//594
f 594//594 595//595 607//607
f 607//607 606//606 594//594
f 616//616 606//606 607//607
f 663//663 711//711 712//712
f 663//663 662//662 711//711
f 719//719 648//648 724//724
f 712//712 711//711 719//719
f 711//711 648//648 719//719
f 712//712 719//719 713//713
f 713//713 663//663 712//712
f 713//713 719//719 718//718
f 718//718 719//719 723//723
f 724//724 730//730 723//723
f 723//723 719//719 724//724
f 757//757 746//746 747//747
f 747//747 746//746 737//737
f 758//758 747//747 748//748
f 748//748 759//759 758//758
f 748//748 749//749 759//759
f 738//738 749//749 748//748
f 748//748 747//747 738//738
f 853//853 854//854 870//870
f 853//853 870//870 869//869
f 869//869 852//852 853//853
f 818//818 802//802 819//819
f 868//868 850//850 851//851
f 851//851 869//869 868//868
f 851//851 852//852 869//869
f 833//833 816//816 834//834
f 834//834 816//816 817//817
f 834//834 817//817 818//818
f 818//818 835//835 834//834
f 834//834 850//850 833//833
f 834//834 851//851 850//850
f 834//834 835//835 852//852
f 852//852 851//851 834//834
f 838//838 821//821 839//839
f 839//839 855//855 838//838
f 667//667 316//316 315//315
f 315//315 668//668 667//667
f 781//781 669//669 797//797
f 781//781 668//668 669//669
f 781//781 797//797 796//796
f 796//796 780//780 781//781
f 780//780 770//770 781//781
f 770//770 668//668 781//781
f 592//592 577//577 593//593
f 592//592 593//593 614//614
f 726//726 627//627 629//629
f 741//741 627//627 733//733
f 726//726 734//734 733//733
f 627//627 726//726 733//733
f 733//733 742//742 741//741
f 734//734 742//742 733//733
f 126//126 30//30 165//165
f 230//230 126//126 165//165
f 30//30 233//233 165//165
f 165//165 233//233 230//230
f 241//241 239//239 238//238
f 238//238 167//167 241//241
f 258//258 239//239 241//241
f 241//241 240//240 243//243
f 243//243 257//257 241//241
f 241//241 257//257 258//258
f 99//99 36//36 241//241
f 241//241 167//167 99//99
f 237//237 235//235 234//234
f 259//259 235//235 237//237
f 234//234 97//97 237//237
f 236//236 239//239 237//237
f 258//258 259//259 237//237
f 237//237 239//239 258//258
f 237//237 97//97 33//33
f 229//229 256//256 227//227
f 227//227 256//256 255//255
f 255//255 226//226 227//227
f 164//164 229//229 227//227
f 163//163 225//225 227//227
f 227//227 226//226 163//163
f 227//227 94//94 164//164
f 24//24 94//94 227//227
f 361//361 362//362 319//319
f 320//320 319//319 362//362
f 363//363 364//364 366//366
f 366//366 365//365 363//363
f 367//367 365//365 366//366
f 321//321 364//364 361//361
f 367//367 364//364 321//321
f 365//365 306//306 355//355
f 350//350 349//349 351//351
f 347//347 346//346 344//344
f 344//344 300//300 347//347
f 344//344 340//340 300//300
f 458//458 438//438 437//437
f 438//438 416//416 437//437
f 415//415 413//413 384//384
f 415//415 416//416 413//413
f 384//384 417//417 415//415
f 439//439 437//437 415//415
f 415//415 437//437 416//416
f 656//656 647//647 322//322
f 322//322 306//306 656//656
f 647//647 655//655 646//646
f 647//647 656//656 655//655
f 644//644 645//645 653//653
f 626//626 324//324 638//638
f 324//324 323//323 638//638
f 611//611 623//623 610//610
f 610//610 600//600 611//611
f 883//883 300//300 301//301
f 301//301 340//340 883//883
f 300//300 340//340 301//301
f 343//343 340//340 344//344
f 334//334 336//336 343//343
f 585//585 598//598 584//584
f 598//598 583//583 584//584
f 596//596 583//583 597//597
f 597//597 583//583 598//598
f 597//597 598//598 609//609
f 609//609 608//608 597//597
f 608//608 596//596 597//597
f 582//582 583//583 596//596
f 566//566 583//583 582//582
f 570//570 585//585 569//569
f 559//559 539//539 540//540
f 407//407 430//430 406//406
f 406//406 886//886 407//407
f 453//453 430//430 454//454
f 454//454 473//473 453//453
f 472//472 492//492 491//491
f 472//472 453//453 473//473
f 880//880 401//401 400//400
f 468//468 488//488 467//467
f 487//487 486//486 467//467
f 467//467 488//488 487//487
f 493//493 473//473 494//494
f 494//494 512//512 493//493
f 512//512 492//492 493//493
f 493//493 472//472 473//473
f 492//492 472//472 493//493
f 649//649 642//642 651//651
f 642//642 650//650 651//651
f 650//650 715//715 651//651
f 630//630 628//628 615//615
f 615//615 627//627 614//614
f 629//629 627//627 615//615
f 615//615 628//628 629//629
f 631//631 615//615 616//616
f 616//616 615//615 614//614
f 614//614 606//606 616//616
f 644//644 653//653 643//643
f 644//644 643//643 631//631
f 631//631 643//643 642//642
f 642//642 630//630 631//631
f 631//631 630//630 615//615
f 642//642 643//643 652//652
f 632//632 644//644 631//631
f 633//633 645//645 644//644
f 623//623 635//635 622//622
f 610//610 623//623 622//622
f 538//538 519//519 539//539
f 539//539 558//558 538//538
f 538//538 558//558 557//557
f 557//557 537//537 538//538
f 616//616 607//607 617//617
f 607//607 618//618 617//617
f 631//631 616//616 617//617
f 617//617 632//632 631//631
f 714//714 713//713 717//717
f 664//664 713//713 714//714
f 820//820 802//802 803//803
f 820//820 819//819 802//802
f 803//803 821//821 820//820
f 837//837 855//855 854//854
f 837//837 838//838 855//855
f 854//854 853//853 837//837
f 821//821 838//838 837//837
f 837//837 820//820 821//821
f 639//639 726//726 629//629
f 629//629 628//628 639//639
f 641//641 649//649 639//639
f 649//649 726//726 639//639
f 364//364 367//367 366//366
f 355//355 307//307 365//365
f 352//352 354//354 323//323
f 351//351 326//326 350//350
f 324//324 326//326 351//351
f 345//345 344//344 346//346
f 345//345 330//330 333//333
f 333//333 344//344 345//345
f 459//459 848//848 440//440
f 440//440 439//439 459//459
f 440//440 437//437 439//439
f 440//440 848//848 458//458
f 458//458 437//437 440//440
f 645//645 655//655 654//654
f 655//655 656//656 661//661
f 654//654 653//653 645//645
f 637//637 646//646 636//636
f 637//637 647//647 646//646
f 636//636 624//624 637//637
f 624//624 625//625 637//637
f 647//647 637//637 638//638
f 638//638 625//625 626//626
f 638//638 637//637 625//625
f 334//334 343//343 344//344
f 567//567 583//583 566//566
f 567//567 584//584 583//583
f 585//585 584//584 567//567
f 581//581 582//582 596//596
f 511//511 492//492 512//512
f 512//512 531//531 511//511
f 491//491 492//492 511//511
f 545//545 546//546 566//566
f 545//545 525//525 526//526
f 544//544 525//525 545//545
f 524//524 504//504 525//525
f 562//562 561//561 541//541
f 541//541 542//542 562//562
f 579//579 578//578 562//562
f 578//578 561//561 562//562
f 559//559 540//540 560//560
f 541//541 561//561 560//560
f 560//560 540//540 541//541
f 560//560 577//577 559//559
f 578//578 577//577 560//560
f 560//560 561//561 578//578
f 461//461 481//481 460//460
f 461//461 462//462 481//481
f 441//441 417//417 418//418
f 462//462 461//461 441//441
f 439//439 415//415 441//441
f 441//441 415//415 417//417
f 441//441 460//460 439//439
f 441//441 461//461 460//460
f 405//405 406//406 428//428
f 405//405 404//404 891//891
f 405//405 428//428 404//404
f 405//405 891//891 886//886
f 886//886 406//406 405//405
f 429//429 406//406 430//430
f 430//430 453//453 429//429
f 428//428 406//406 429//429
f 429//429 453//453 428//428
f 424//424 401//401 402//402
f 402//402 425//425 424//424
f 447//447 468//468 467//467
f 448//448 468//468 447//447
f 447//447 424//424 448//448
f 880//880 399//399 396//396
f 486//486 487//487 506//506
f 526//526 525//525 506//506
f 506//506 487//487 488//488
f 640//640 630//630 642//642
f 640//640 642//642 649//649
f 640//640 649//649 641//641
f 714//714 657//657 658//658
f 658//658 664//664 714//714
f 618//618 633//633 632//632
f 632//632 617//617 618//618
f 632//632 633//633 644//644
f 619//619 633//633 618//618
f 619//619 618//618 608//608
f 717//717 713//713 718//718
f 717//717 718//718 721//721
f 716//716 717//717 721//721
f 721//721 720//720 716//716
f 714//714 717//717 716//716
f 819//819 820//820 836//836
f 820//820 837//837 836//836
f 836//836 835//835 818//818
f 818//818 819//819 836//836
f 836//836 837//837 853//853
f 852//852 835//835 836//836
f 836//836 853//853 852//852
f 323//323 354//354 322//322
f 352//352 351//351 349//349
f 349//349 364//364 352//352
f 352//352 324//324 351//351
f 352//352 364//364 353//353
f 353//353 354//354 352//352
f 352//352 323//323 324//324
f 661//661 654//654 655//655
f 654//654 661//661 660//660
f 643//643 653//653 652//652
f 653//653 658//658 652//652
f 653//653 654//654 660//660
f 323//323 647//647 638//638
f 566//566 546//546 547//547
f 547//547 567//567 566//566
f 547//547 529//529 548//548
f 585//585 567//567 568//568
f 568//568 569//569 585//585
f 568//568 547//547 548//548
f 567//567 547//547 568//568
f 580//580 595//595 579//579
f 579//579 562//562 580//580
f 596//596 595//595 580//580
f 580//580 581//581 596//596
f 532//532 512//512 533//533
f 532//532 531//531 512//512
f 582//582 581//581 564//564
f 544//544 545//545 564//564
f 543//543 562//562 542//542
f 543//543 525//525 544//544
f 543//543 524//524 525//525
f 543//543 542//542 523//523
f 523//523 524//524 543//543
f 539//539 519//519 520//520
f 520//520 540//540 539//539
f 520//520 521//521 540//540
f 541//541 540//540 522//522
f 540//540 521//521 522//522
f 523//523 542//542 522//522
f 522//522 542//542 541//541
f 464//464 465//465 484//484
f 442//442 441//441 418//418
f 462//462 441//441 442//442
f 470//470 489//489 469//469
f 490//490 489//489 470//470
f 491//491 490//490 470//470
f 450//450 451//451 470//470
f 449//449 470//470 469//469
f 450//450 470//470 449//449
f 880//880 400//400 399//399
f 466//466 447//447 467//467
f 467//467 486//486 466//466
f 486//486 465//465 466//466
f 387//387 388//388 391//391
f 391//391 383//383 387//387
f 391//391 417//417 383//383
f 418//418 417//417 391//391
f 390//390 388//388 389//389
f 389//389 392//392 390//390
f 390//390 391//391 388//388
f 394//394 391//391 390//390
f 464//464 463//463 443//443
f 443//443 463//463 462//462
f 462//462 442//442 443//443
f 443//443 442//442 418//418
f 525//525 504//504 505//505
f 505//505 506//506 525//525
f 505//505 504//504 486//486
f 486//486 506//506 505//505
f 531//531 550//550 530//530
f 530//530 511//511 531//531
f 509//509 489//489 490//490
f 509//509 490//490 491//491
f 527//527 545//545 526//526
f 546//546 545//545 527//527
f 526//526 506//506 527//527
f 630//630 639//639 628//628
f 641//641 639//639 630//630
f 630//630 640//640 641//641
f 714//714 716//716 715//715
f 720//720 649//649 715//715
f 715//715 716//716 720//720
f 658//658 657//657 652//652
f 633//633 619//619 620//620
f 620//620 608//608 609//609
f 620//620 619//619 608//608
f 713//713 664//664 663//663
f 653//653 660//660 659//659
f 658//658 653//653 659//659
f 551//551 550//550 531//531
f 531//531 532//532 551//551
f 552//552 571//571 551//551
f 551//551 533//533 552//552
f 551//551 532//532 533//533
f 551//551 571//571 570//570
f 570//570 550//550 551//551
f 566//566 582//582 565//565
f 582//582 564//564 565//565
f 565//565 545//545 566//566
f 565//565 564//564 545//545
f 563//563 580//580 562//562
f 562//562 543//543 563//563
f 581//581 580//580 563//563
f 563//563 564//564 581//581
f 544//544 564//564 563//563
f 563//563 543//543 544//544
f 500//500 519//519 499//499
f 500//500 520//520 519//519
f 500//500 499//499 479//479
f 479//479 481//481 500//500
f 521//521 520//520 500//500
f 483//483 463//463 464//464
f 464//464 484//484 483//483
f 486//486 504//504 485//485
f 485//485 465//465 486//486
f 485//485 484//484 465//465
f 503//503 524//524 523//523
f 504//504 524//524 503//503
f 523//523 522//522 503//503
f 503//503 485//485 504//504
f 484//484 485//485 503//503
f 503//503 483//483 484//484
f 428//428 453//453 452//452
f 452//452 451//451 428//428
f 453//453 472//472 452//452
f 472//472 451//451 452//452
f 404//404 428//428 427//427
f 428//428 451//451 427//427
f 471//471 472//472 491//491
f 491//491 470//470 471//471
f 471//471 451//451 472//472
f 471//471 470//470 451//451
f 398//398 396//396 399//399
f 398//398 399//399 421//421
f 397//397 396//396 398//398
f 398//398 421//421 397//397
f 422//422 399//399 400//400
f 421//421 399//399 422//422
f 393//393 390//390 392//392
f 393//393 396//396 397//397
f 397//397 394//394 393//393
f 394//394 390//390 393//393
f 393//393 392//392 395//395
f 880//880 396//396 393//393
f 881//881 880//880 393//393
f 393//393 395//395 881//881
f 419//419 394//394 397//397
f 419//419 443//443 418//418
f 418//418 391//391 419//419
f 419//419 391//391 394//394
f 549//549 530//530 550//550
f 548//548 529//529 549//549
f 529//529 530//530 549//549
f 549//549 568//568 548//548
f 569//569 568//568 549//549
f 570//570 569//569 549//549
f 549//549 550//550 570//570
f 491//491 511//511 510//510
f 510//510 509//509 491//491
f 511//511 530//530 510//510
f 510//510 530//530 529//529
f 529//529 509//509 510//510
f 529//529 547//547 528//528
f 528//528 547//547 546//546
f 546//546 527//527 528//528
f 649//649 651//651 715//715
f 481//481 462//462 482//482
f 482//482 500//500 481//481
f 462//462 463//463 482//482
f 463//463 483//483 482//482
f 502//502 503//503 522//522
f 483//483 503//503 502//502
f 502//502 482//482 483//483
f 502//502 522//522 521//521
f 426//426 451//451 450//450
f 426//426 427//427 451//451
f 426//426 403//403 404//404
f 404//404 427//427 426//426
f 402//402 403//403 426//426
f 426//426 425//425 402//402
f 426//426 449//449 425//425
f 450//450 449//449 426//426
f 423//423 422//422 400//400
f 447//447 422//422 423//423
f 424//424 447//447 423//423
f 423//423 400//400 401//401
f 401//401 424//424 423//423
f 447//447 466//466 446//446
f 446//446 422//422 447//447
f 446//446 466//466 465//465
f 421//421 422//422 446//446
f 397//397 421//421 420//420
f 420//420 419//419 397//397
f 508//508 509//509 529//529
f 529//529 528//528 508//508
f 489//489 509//509 508//508
f 508//508 528//528 527//527
f 500//500 482//482 501//501
f 482//482 502//502 501//501
f 521//521 500//500 501//501
f 501//501 502//502 521//521
f 445//445 446//446 465//465
f 421//421 446//446 445//445
f 443//443 419//419 444//444
f 419//419 420//420 444//444
f 464//464 443//443 444//444
f 444//444 420//420 421//421
f 421//421 445//445 444//444
f 444//444 465//465 464//464
f 444//444 445//445 465//465
f 507//507 506//506 488//488
f 507//507 527//527 506//506
f 507//507 508//508 527//527
f 249//249 251//251 271//271
f 271//271 251//251 270//270
f 5//5 6//6 102//102
f 102//102 104//104 5//5
f 3//3 897//897 906//906
f 5//5 3//3 906//906
f 247//247 882//882 889//889
f 270//270 247//247 889//889
f 889//889 271//271 270//270
f 889//889 890//890 271//271
f 889//889 882//882 884//884
f 884//884 890//890 889//889
f 907//907 906//906 897//897
f 897//897 898//898 907//907
f 907//907 6//6 5//5
f 5//5 906//906 907//907
f 704//704 874//874 703//703
f 873//873 874//874 704//704
f 194//194 118//118 57//57
f 194//194 57//57 197//197
f 368//368 375//375 369//369
f 369//369 370//370 368//368
f 39//39 40//40 245//245
f 245//245 246//246 39//39
f 195//195 192//192 117//117
f 117//117 56//56 195//195
f 188//188 115//115 191//191
f 191//191 115//115 54//54
f 2//2 171//171 107//107
f 893//893 251//251 249//249
f 249//249 892//892 893//893
f 893//893 248//248 251//251
f 893//893 881//881 248//248
f 9//9 16//16 19//19
f 19//19 60//60 9//9
f 209//209 83//83 153//153
f 153//153 83//83 84//84
f 909//909 896//896 101//101
f 909//909 101//101 104//104
f 184//184 50//50 114//114
f 114//114 183//183 184//184
f 190//190 116//116 193//193
f 193//193 116//116 55//55
f 880//880 893//893 892//892
f 881//881 893//893 880//880
f 729//729 737//737 736//736
f 728//728 729//729 736//736
f 196//196 119//119 58//58
f 58//58 199//199 196//196
f 198//198 120//120 59//59
f 59//59 274//274 198//198
f 224//224 221//221 124//124
f 22//22 224//224 124//124
f 220//220 216//216 123//123
f 220//220 123//123 21//21
f 104//104 102//102 908//908
f 908//908 909//909 104//104
f 113//113 181//181 182//182
f 182//182 49//49 113//113
f 109//109 173//173 174//174
f 174//174 45//45 109//109
f 108//108 171//171 2//2
f 108//108 170//170 171//171
f 840//840 839//839 822//822
f 822//822 823//823 840//840
f 275//275 252//252 294//294
f 218//218 213//213 121//121
f 121//121 20//20 218//218
f 132//132 242//242 243//243
f 132//132 243//243 37//37
f 896//896 909//909 894//894
f 909//909 908//908 894//894
f 884//884 882//882 894//894
f 247//247 246//246 894//894
f 894//894 882//882 247//247
f 894//894 300//300 884//884
f 40//40 101//101 894//894
f 101//101 896//896 894//894
f 894//894 246//246 245//245
f 245//245 40//40 894//894
f 299//299 300//300 894//894
f 307//307 355//355 363//363
f 48//48 112//112 179//179
f 180//180 48//48 179//179
f 46//46 110//110 175//175
f 46//46 175//175 176//176
f 723//723 722//722 718//718
f 723//723 729//729 728//728
f 728//728 722//722 723//723
f 805//805 823//823 822//822
f 805//805 806//806 823//823
f 234//234 235//235 31//31
f 31//31 128//128 234//234
f 261//261 252//252 275//275
f 275//275 276//276 261//261
f 233//233 127//127 232//232
f 233//233 30//30 127//127
f 239//239 130//130 238//238
f 34//34 130//130 239//239
f 47//47 111//111 177//177
f 178//178 47//47 177//177
f 36//36 131//131 241//241
f 241//241 131//131 240//240
f 33//33 129//129 237//237
f 237//237 129//129 236//236
f 125//125 24//24 227//227
f 225//225 125//125 227//227
f 634//634 645//645 633//633
f 488//488 468//468 489//489
f 489//489 468//468 469//469
f 469//469 468//468 449//449
f 449//449 468//468 448//448
f 448//448 424//424 449//449
f 449//449 424//424 425//425
f 634//634 633//633 620//620
f 621//621 634//634 620//620
f 620//620 609//609 621//621
f 365//365 662//662 659//659
f 659//659 306//306 365//365
f 659//659 661//661 306//306
f 662//662 663//663 659//659
f 664//664 658//658 659//659
f 659//659 660//660 661//661
f 659//659 663//663 664//664
f 488//488 489//489 507//507
f 489//489 508//508 507//507

