# https://github.com/mikedh/trimesh
v -20.50000000 -20.50000000 0.00000000
v 20.50000000 -20.50000000 0.00000000
v 20.50000000 20.50000000 0.00000000
v -20.78055954 -5.87507391 0.28055871
v -20.75000000 -20.75000000 0.25000000
v -21.00000000 -20.50000000 0.50000000
v 21.00000000 -20.50000000 0.50000000
v 20.75000000 -20.75000000 0.25000000
v -20.50000000 20.50000000 0.00000000
v 20.75000000 20.75000000 0.25000000
v 21.00000000 20.50000000 0.50000000
v -21.00000000 20.50000000 0.50000000
v -20.75000000 20.75000000 0.25000000
v -20.78055954 5.87507391 0.28055871
v -14.66624273 -40.59237348 113.35856628
v -14.50000000 -43.58745193 111.05952454
v -14.50000000 -45.74029541 107.90657043
v -14.50000000 -46.35200500 105.70102692
v -14.50000000 -54.15496445 44.75000000
v -23.75500092 -53.79235069 39.55509380
v -14.50000000 -52.87667084 34.00688171
v -14.50000000 -52.59848785 32.78539658
v -14.50000000 -51.01301193 27.54552269
v -14.50000000 -48.78452682 22.43112755
v -14.50000000 -48.16973114 21.25556564
v -14.50000000 -47.53116226 20.12210083
v -14.50000000 -46.87668228 19.03651428
v -14.50000000 -46.21455002 18.00514221
v -14.50000000 -45.54302979 17.02794838
v -14.50000000 -44.85959244 16.10246658
v -14.50000000 -43.48506927 14.41731644
v -14.50000000 -42.79733276 13.66134644
v -14.50000000 -42.10809708 12.96149540
v -14.50000000 -40.74585342 11.72170162
v -14.50000000 -40.07430267 11.18381214
v -14.50000000 -39.40882492 10.69860649
v -19.89206322 -38.91743491 10.38237494
v -19.31170082 -38.17999649 9.90956211
v -19.39161110 -38.69487762 10.22182465
v -19.67911530 -40.27807999 11.34371948
v -19.79065514 -40.81441116 11.78085136
v -20.04402542 -41.92724991 12.78407669
v -19.91164398 -41.36175156 12.25779343
v -20.58793156 -42.57903016 13.45238634
v -20.06498337 -42.01403809 12.86791801
v -20.34656715 -43.12071991 14.01094913
v -20.45869535 -43.26536150 14.17065800
v -20.69943047 -44.39009094 15.49919891
v -20.60665703 -44.06644821 15.10096550
v -20.89354324 -45.04984283 16.35276794
v -21.09775734 -45.72229767 17.28316498
v -21.30967712 -46.40093994 18.28796959
v -21.20344734 -46.06258392 17.77843857
v -21.52236557 -47.06805801 19.34509277
v -21.41598320 -46.73633575 18.81049347
v -22.05972389 -47.81419393 20.63273399
v -21.62637138 -47.39028931 19.88210869
v -21.92325974 -48.29876709 21.49778366
v -21.82718468 -48.00611877 20.96009445
v -22.10673523 -48.85445404 22.56812668
v -22.01627541 -48.58080292 22.03262901
v -22.19482231 -49.12045670 23.10524178
v -22.28046036 -49.37839890 23.64275360
v -22.36415863 -49.63052750 24.18517876
v -17.00000000 -49.67726517 24.28769875
v -15.57295322 -50.09644699 25.23743248
v -15.78267288 -49.93167496 24.85723877
v -22.59344237 -50.32137930 25.77086758
v -15.57000160 -50.44855118 26.08195496
v -22.89064789 -51.20952225 28.09066582
v -22.82340050 -51.00914383 27.53367043
v -16.10806274 -50.72603989 26.78221512
v -16.92886887 -50.82237001 27.03343906
v -23.32995959 -51.39296031 28.66767588
v -22.95521736 -51.40100479 28.64495087
v -23.13356972 -51.92556763 30.29538155
v -23.07614136 -51.75746536 29.74297523
v -23.18925476 -52.08775711 30.85274887
v -23.24291992 -52.24315262 31.41199684
v -23.77169438 -52.72291754 33.39258220
v -23.32507991 -52.45705693 32.22565632
v -23.65998951 -53.46131517 37.18244189
v -23.58746147 -53.21815872 35.75267029
v -23.61910820 -53.30566025 36.24800873
v -23.86145210 -53.99278641 41.54254913
v -23.88225365 -54.05653381 42.32406998
v -23.89934158 -54.10707855 43.11087036
v -23.91284370 -54.14168549 43.91652298
v -23.92293167 -54.15496445 44.75000000
v -23.93248749 -54.12188721 46.38254166
v -23.91613007 -53.90715790 49.23064804
v -23.92846298 -54.02445602 47.99598312
v -24.35095379 -53.82901395 49.67443258
v -23.91097069 -53.86616898 49.59032440
v -15.41025162 -46.29199600 106.07814026
v -15.45258045 -46.38026047 105.47082520
v -15.36093998 -46.12051773 106.82548523
v -15.72174439 -46.13872052 106.70521006
v -15.28328991 -45.64951706 108.11069489
v -15.31578636 -45.88235474 107.55441284
v -15.23845387 -45.21569824 108.93094635
v -15.79428867 -45.32454125 108.68964294
v -14.86553157 -44.41780175 110.13863997
v -15.20469093 -44.85499191 109.49494171
v -15.10172176 -43.11620331 111.52415466
v -15.12240791 -43.59263611 111.05412292
v -14.93122551 -41.68417300 112.69473861
v -14.61977836 -42.61163346 111.99820833
v -14.80407237 -39.48576067 113.87049430
v -15.03603554 -40.38332748 113.43929291
v -15.00000000 -11.67909813 121.92956543
v -15.48243012 -10.18197068 122.30502648
v -15.42220998 -8.37901929 122.51338982
v -15.00000000 -5.07312775 122.18523407
v -15.01401366 22.36956221 116.28995941
v -14.99983849 24.90740688 115.23452319
v -15.50420418 25.80868600 114.65019516
v -15.00000000 52.96729279 93.66691589
v -15.49372505 53.48651950 93.15794190
v -15.00000000 54.67581177 91.76583862
v -15.00000000 55.34404373 90.67366028
v -15.00000000 55.87437057 89.50827026
v -15.00000000 56.49195099 87.02799988
v -15.00000000 56.57001495 85.75000000
v -15.00000000 56.52032852 84.10859680
v -15.00000000 56.38334656 82.49978638
v -15.00000000 56.50772858 83.90754700
v -15.00000000 56.36159515 82.30622864
v -18.37990236 50.15096289 32.60098748
v -14.50000000 50.12150955 32.36894989
v -14.50000000 50.06479263 31.94583893
v -18.91304197 49.94817756 31.26814538
v -14.50000000 50.00433731 31.52164078
v -18.42251116 49.95567581 31.19996543
v -18.43703270 49.88576889 30.74661446
v -18.45050812 49.80945587 30.27408600
v -18.46344757 49.72880173 29.79714012
v -18.47566223 49.64437103 29.31958961
v -18.48711967 49.55607605 28.84125519
v -18.49792480 49.46356583 28.36066055
v -18.50798035 49.36767960 27.88247490
v -18.51719284 49.26943207 27.41145515
v -18.53302956 49.06591415 26.48940849
v -18.52552414 49.16889954 26.94749451
v -14.50000000 48.91860199 25.86095238
v -18.53976059 48.96109772 26.03955650
v -14.50000000 48.79553223 25.35744095
v -18.54576492 48.85513687 25.60024452
v -14.50000000 48.66868973 24.85830498
v -14.50000000 48.53822708 24.36419868
v -14.50000000 48.40430832 23.87578011
v -14.50000000 48.26708603 23.39370346
v -14.50000000 48.12672424 22.91862679
v -14.50000000 47.98337555 22.45120430
v -14.50000000 47.83720398 21.99209404
v -18.78447700 48.34050944 23.64149134
v -18.86203148 47.74535708 21.73617094
v -14.50000000 47.53673935 21.10053062
v -18.57076263 47.61833191 21.33554649
v -18.57023811 47.47908020 20.93498802
v -18.56921959 47.34033203 20.54920387
v -18.91874713 47.16210453 20.11198794
v -18.56552696 47.01291275 19.68803024
v -18.56263161 46.82317734 19.21833038
v -18.55923653 46.62731934 18.75429726
v -18.55049599 46.21796860 17.84697794
v -18.55533218 46.42581940 18.29758644
v -14.50000000 46.12804031 17.65868568
v -14.50000000 45.90414047 17.20228767
v -18.54605865 45.99829865 17.39213562
v -14.50000000 45.67533493 16.75884438
v -18.54072762 45.77176666 16.94436073
v -14.50000000 45.44199753 16.32818985
v -18.53499222 45.53717041 16.50195885
v -14.50000000 45.20452499 15.91016579
v -18.52885437 45.29423523 16.06516457
v -14.50000000 44.96331024 15.50461483
v -18.52240181 45.04359436 15.63572693
v -18.51561928 44.78512573 15.21392822
v -18.50855446 44.51709747 14.79770279
v -14.50000000 44.22117615 14.36124706
v -18.80538473 44.41495395 14.65860755
v -14.50000000 43.96766281 14.00500011
v -14.50000000 43.71043777 13.66165352
v -14.50000000 43.44984818 13.33074570
v -14.50000000 42.92000198 12.70440578
v -18.46959114 43.00824356 12.80272198
v -18.46128273 42.66751480 12.42299175
v -14.50000000 42.29039383 12.02931213
v -18.45298576 42.31507874 12.05394936
v -14.50000000 41.92587662 11.67043972
v -14.50000000 41.55711365 11.33296967
v -14.50000000 41.18419647 11.01523018
v -14.50000000 40.80722809 10.71552658
v -18.42090607 40.80574036 10.71380234
v -14.50000000 40.04153442 10.16352177
v -18.41363525 40.41673279 10.42414188
v -14.50000000 39.65163803 9.91086960
v -14.50000000 39.25690842 9.67502117
v -14.50000000 38.85855484 9.45555401
v -15.43659244 -41.57866075 112.72570575
v -15.47732735 -40.28231430 113.45883179
v -15.48336411 -38.49861908 114.17449188
v -15.68110466 -11.11889362 122.02936554
v -15.68281651 21.82599831 116.36013031
v -15.58193303 23.77893642 115.75325567
v -15.68281651 26.74217606 113.88938904
v -16.02193408 53.78327645 92.67358464
v -15.71720438 55.00909388 91.14467144
v -15.56109285 56.11170744 88.74362239
v -15.49810219 56.34872055 82.51084137
v -18.62697029 50.20755386 33.14099503
v -19.11478455 48.90488233 25.95172521
v -19.18042785 45.65283321 16.82105844
v -18.77020640 41.67977609 11.45205137
v -19.05054918 40.60436644 10.62439958
v -24.45134516 -54.12062817 45.40482531
v -24.25158951 -54.04734753 47.61533483
v -24.37849236 -53.61371613 51.17763901
v -19.87660414 -39.84660189 11.01954899
v -20.31274448 -41.27833486 12.20904479
v -20.93628392 -44.60205412 15.76983808
v -21.17629311 -45.36648300 16.78879128
v -22.77965523 -48.93242976 22.82060309
v -15.60536105 -49.76524610 24.48201597
v -22.78415298 -49.97159762 24.96022861
v -22.67491137 -50.57907889 26.40657335
v -22.75321198 -50.79969025 26.97411728
v -23.65088592 -52.07418987 30.87879187
v -23.85999127 -53.05345677 34.93471454
v -24.15342314 -53.48256726 37.48857564
v -24.58243502 -54.05360863 43.12105195
v -18.47675705 -38.28825378 111.18366241
v -18.49507713 -39.58108902 110.57340240
v -18.47164917 -37.60776901 111.41223907
v -23.28040314 -43.47347641 85.46908569
v -23.62714386 -43.03490829 83.92829895
v -24.02138710 -43.19868469 81.88020325
v -23.76856995 -43.59076691 83.03804016
v -24.14076424 -43.26219940 81.23706055
v -24.50620325 -43.94928352 79.07400254
v -24.90766907 -43.87351990 76.79545593
v -25.27433968 -44.30915070 74.43460083
v -25.08525922 -44.46489149 75.57230355
v -25.46266747 -33.01095200 72.27945709
v -25.74258278 -45.31136954 71.12689449
v -25.97060234 -38.82730384 69.16060964
v -25.82861651 -29.41159545 69.04866216
v -25.95264577 -23.43377982 66.83368575
v -26.50463219 -46.90958328 64.62024710
v -26.63605156 -37.99905189 62.85707524
v -26.23385191 -19.51948169 63.21977124
v -26.33647847 -29.06345230 64.62192932
v -26.96432692 -43.15326161 59.14993981
v -26.78222962 -34.48329116 60.67109492
v -26.90624173 -48.40744524 59.86674951
v -27.26084478 -49.49404932 54.32562405
v -26.99175112 -26.97002087 54.95379837
v -27.32841355 -44.56170510 51.74439749
v -27.41627746 -50.54883611 43.65447882
v -27.13908916 -42.35062545 56.29223220
v -27.13185371 -27.71911208 48.71808660
v -27.14152669 -32.09472790 53.17029061
v -26.92467444 -30.51375227 57.67719682
v -27.43232364 -50.50078997 48.14373488
v -27.38056803 -51.00946385 43.13839696
v -27.28635851 -51.01755832 40.72877102
v -27.12585288 -50.00551811 36.64182260
v -26.71780344 -49.10047091 31.84629789
v -26.07345629 -47.38142773 26.68348021
v -25.21959114 -45.29253632 21.78997603
v -25.45663647 -5.82446230 29.22554809
v -26.65347851 -10.89293906 44.48329941
v -26.02305824 -6.39532920 59.21187330
v -25.81579070 -11.37343253 64.19244412
v -25.49456024 -2.64191341 62.45120239
v -26.43396041 -6.32342396 51.53810775
v -26.60539852 -16.48225036 39.09578159
v -26.33022065 -8.14692035 38.45822187
v -26.39514741 -4.08352029 45.60201756
v -25.98620578 2.88436477 48.94126715
v -25.74268560 -0.42662881 58.35522024
v -25.32271576 2.21795106 60.83226013
v -25.92575746 1.34568588 53.45997932
v -25.51691288 0.82584086 32.00431139
v -25.39475352 4.31022462 58.38244856
v -25.80980267 2.58936542 37.22481811
v -25.33264669 9.08873234 54.05528811
v -25.05743599 9.21785164 57.52992630
v -24.78540993 3.04832363 26.11063766
v -25.03989792 3.74037838 28.53021622
v -24.93827629 5.69896698 28.33132744
v -24.70268059 4.98674870 26.01172638
v -25.95376718 2.84717574 40.85642201
v -25.82896988 5.85448203 43.91219381
v -25.23680907 13.90395868 45.82425205
v -24.70784950 14.06403542 56.31621552
v -24.85067940 7.71106625 28.33617973
v -24.93790765 14.50095315 52.51012599
v -24.83419800 10.01885891 29.29852676
v -25.12373566 9.58610745 32.45150270
v -24.89028168 10.29039860 30.07432938
v -24.93699336 11.93629740 31.75748465
v -25.18274449 13.52205766 49.32400109
v -24.90811348 12.11096668 31.51688385
v -25.16543998 14.75647163 41.68427845
v -27.00061750 -22.34680163 51.21357354
v -26.61891172 -24.52079462 60.40972521
v -26.75926852 -20.08763043 56.47992174
v -26.88918645 -19.45975538 43.73960354
v -26.77742030 -13.37074659 48.08887405
v -26.78297467 -15.24122222 52.08045207
v -26.14791412 -11.89423116 34.45070083
v -26.39226208 -13.41519363 58.61310912
v -26.39969068 -8.75429594 55.26939687
v -22.03209686 43.03794098 18.64876747
v -22.01847267 42.52595139 17.70329094
v -22.01191902 42.29618073 17.31228256
v -22.02463913 42.74978638 18.10388756
v -22.00296593 41.99438858 16.82619095
v -21.97758293 41.16855621 15.64545631
v -21.97419167 41.05981445 15.50459671
v -21.99068642 41.59145355 16.22434235
v -21.96198845 40.66629410 15.02152348
v -21.91263200 41.39052069 15.18950061
v -21.87012672 37.12342834 12.13800430
v -21.94939423 40.25451660 14.55762196
v -21.87243652 37.24380112 12.20147419
v -21.88256454 37.73594284 12.48181915
v -21.80994310 38.92581197 12.52473534
v -21.92051506 39.26054001 13.59526062
v -21.82224490 37.96622156 12.13428485
v -21.85626221 36.27563477 11.74800205
v -21.86268616 36.70052338 11.93147755
v -21.89615546 39.96736165 13.79777428
v -21.96073037 46.20196217 26.12532964
v -22.03605573 45.71908914 25.91193805
v -22.03220067 44.60387932 21.53877263
v -23.89408684 26.34434319 30.42562675
v -23.99810028 25.04653168 30.55202675
v -24.09963226 23.74984932 30.67198753
v -24.19873619 22.45419884 30.78602600
v -24.29544830 21.15945625 30.89449501
v -24.38979721 19.86548233 30.99762344
v -24.48181152 18.57213593 31.09563828
v -24.57153130 17.27927971 31.18876266
v -24.65899467 15.98678493 31.27722168
v -24.74423027 14.69459152 31.36124229
v -23.97004480 27.13479210 33.64128901
v -24.58749017 19.02826112 33.40647224
v -25.29136529 9.57837313 34.90773261
v -21.84512829 47.25976413 31.04895167
v -21.97497727 46.50875695 30.63613288
v -23.61731899 31.52238587 35.83125524
v -25.05066696 15.01211478 37.18985110
v -23.59634118 31.49226593 40.52566996
v -21.77440918 47.51450578 34.26815636
v -21.71005541 47.49021188 36.39411263
v -18.43616707 52.99142751 89.17760037
v -22.58696568 39.99321013 40.44290884
v -24.49916582 22.53791406 40.11723793
v -21.59754562 47.94676971 36.88777924
v -21.55564308 47.99687958 37.71711349
v -23.72827318 28.82113076 46.26962835
v -24.17122641 24.97191089 45.80363411
v -24.38012261 21.11268499 50.36864797
v -18.43308830 -6.16762686 119.54063416
v -18.43311882 -7.22159624 119.68383789
v -18.43314934 -8.28503799 119.70418549
v -18.43318176 -9.34367847 119.60140228
v -18.43321228 -10.38330746 119.37686920
v -18.43354988 53.69169617 86.68461609
v -18.43354988 53.52127457 87.60533905
v -18.43354988 51.78126526 90.88275146
v -18.43354988 51.11407471 91.53973389
v -18.43354988 24.97150612 111.78009796
v -18.43354988 24.11572838 112.41750336
v -18.44522709 22.34512886 113.31998708
v -15.75724743 -44.37937902 110.09984565
v -15.76698437 -43.02823760 111.54243473
v -16.21022427 -41.81687086 112.35203538
v -16.14715494 -40.53561362 113.17557550
v -15.59557208 -39.34292991 113.87743675
v -15.96839714 -38.46464539 114.07987213
v -16.63446940 -45.07893792 108.61452321
v -16.64610470 -42.84906382 111.30458202
v -16.71145034 -41.18872670 112.51501191
v -16.44675116 -38.99173924 113.72453048
v -17.27255577 -44.75499780 108.47768033
v -16.72718905 -44.05453438 109.99517622
v -16.87201881 -38.33784103 113.70049286
v -17.15270787 -41.63333820 111.90127222
v -17.08087405 -39.55952407 113.11846177
v -17.27250671 -38.24754715 113.42333221
v -17.60470110 -44.06727531 108.99496604
v -17.52231324 -42.98523900 110.34705600
v -17.64522743 -41.21996012 111.63293432
v -17.62783813 -38.14161682 113.09487915
v -17.92749551 -44.69294466 107.39751111
v -18.06094308 -43.64453677 108.67405752
v -18.14119817 -42.37861631 109.86531846
v -18.08926974 -40.84833163 111.17292347
v -17.82263242 -39.10126696 112.53205933
v -18.30687268 -38.85559658 111.69246611
v -18.17560387 -37.89161682 112.31130219
v -18.41203844 -43.17614582 108.30766186
v -18.39841134 -41.35155031 110.04142515
v -18.35706711 -37.75255203 111.87187958
v -18.63339806 -42.77682114 107.76801300
v -18.58820534 -43.28742981 107.46520996
v -18.23398209 -6.04145288 120.18572235
v -18.10339970 -7.22319528 120.65963309
v -18.23422623 -10.55897236 120.01030731
v -17.91034889 -5.92517185 120.78022766
v -18.10399117 -8.98359421 120.64545983
v -17.91070175 -10.72087002 120.59410858
v -17.47464943 -5.82326126 121.30126190
v -17.48032691 -7.74206947 121.51644344
v -17.23210892 -9.67871112 121.61052967
v -17.47509766 -10.86276722 121.10578918
v -16.94366074 -5.73964500 121.72876740
v -16.95039298 -7.72689528 121.95374881
v -16.94418907 -10.97920036 121.52564240
v -16.33782959 -5.67754316 122.04627228
v -15.92476665 -6.60759097 122.35937598
v -16.34416687 -9.07508126 122.22555210
v -16.33841515 -11.06568623 121.83750153
v -18.23489189 25.39421082 112.28363800
v -18.24453444 23.58433710 113.51570351
v -18.23489189 21.34178352 114.32028198
v -17.91167068 25.78383446 112.74777222
v -17.91337240 24.29748079 113.79879328
v -17.91167068 22.64458084 114.56133270
v -17.91167068 21.48174477 114.90988922
v -17.47633171 26.12537193 113.15462494
v -17.47633171 25.10227203 113.91666412
v -17.48189098 23.44653580 114.82699111
v -17.47633171 21.60443115 115.42672729
v -16.94563866 26.40567589 113.48854065
v -16.94974297 24.78170279 114.63686677
v -16.94563866 21.70512199 115.85090637
v -16.34002686 26.61395073 113.73664093
v -16.37332687 24.99160334 114.88892887
v -16.66101816 23.04269829 115.65405221
v -16.34002686 21.77993774 116.16608429
v -18.35038567 54.08239365 85.75000000
v -18.23218555 54.36747752 86.64261919
v -18.23219485 54.03935297 88.27886167
v -18.23703672 52.85640255 90.65059132
v -18.23489189 51.54594040 92.03543854
v -18.08818054 54.71717453 85.75000000
v -17.91167068 55.01222610 85.75000000
v -17.91400681 54.88208334 87.32739049
v -17.92239623 54.23363349 89.40443191
v -17.89612449 53.10434590 91.33549906
v -17.91167068 51.94400406 92.49235535
v -17.60597227 55.41386946 85.72935884
v -17.48065585 55.39525036 87.51074108
v -17.14386904 54.99316427 89.79477371
v -17.48194092 54.14965204 90.71906006
v -17.47633171 53.11606979 92.08235168
v -17.47633171 52.29294586 92.89288330
v -17.64512444 55.31524658 84.19338226
v -17.29201317 55.66774750 84.17264557
v -16.62539105 55.87075744 88.24883401
v -16.97183596 53.79345892 91.95274167
v -16.94563866 52.57932281 93.22159576
v -16.96509019 55.97303995 86.24503890
v -16.89224243 55.96649551 84.15507507
v -16.34002686 56.22724915 86.99554443
v -16.17968313 56.36874364 85.76664621
v -16.37202223 55.40995765 89.93469301
v -16.34002686 54.45723724 91.61304474
v -16.34002686 52.79211044 93.46583557
v -15.96828959 56.41150822 84.19364930
v -15.60944934 56.51718748 86.28530363
v -15.98606396 56.24319839 82.52238464
v -16.45395279 56.06972122 82.54136658
v -16.89224243 55.83181763 82.56739807
v -21.71599366 41.11514842 13.94717106
v -21.95162399 43.64472984 18.54600818
v -21.79064426 45.42661365 21.43225972
v -21.86140185 46.03983591 24.00001880
v -21.74310171 47.19381565 27.74214553
v -21.63528183 47.98647287 33.09022849
v -21.50106049 48.29414749 36.02043533
v -21.45949173 48.35833740 36.85645676
v -21.50084760 39.32040040 11.87666256
v -21.75190798 42.64282471 15.87540205
v -21.69207209 44.29295677 18.33028492
v -21.50316350 48.20007419 31.77305284
v -21.35489464 48.60805893 35.14119720
v -21.31402779 48.68526840 35.98209763
v -21.30499077 38.19667435 10.87396336
v -21.43773023 42.90329989 15.25338210
v -21.47004606 44.23986153 17.40196535
v -21.48607495 45.67066881 20.52221335
v -21.59431173 46.56509497 23.71173692
v -21.33439685 47.37692434 25.23846988
v -21.23749517 48.68003010 32.56578305
v -21.12160110 48.97290421 35.09777069
v -20.93877590 39.42680158 11.03375126
v -21.34824565 41.30585116 13.16404692
v -21.06010541 44.28291250 16.45399486
v -21.12526363 46.40478132 21.16637010
v -21.22771761 48.17389804 28.44287434
v -20.84457016 49.30589294 35.05537033
v -21.10983659 40.28439914 11.85508624
v -20.72362053 41.89591435 12.79572886
v -21.03094894 43.05876039 14.56873905
v -21.05373075 45.45196524 18.63148979
v -20.90076702 47.28530738 23.19623288
v -20.86832789 49.12357716 32.56991146
v -20.56964111 49.51293182 34.16253662
v -20.22168256 39.47646469 10.39392354
v -20.62032064 40.16165880 11.19320002
v -20.35535269 41.29263158 11.84517157
v -20.52791199 43.14884507 14.00096037
v -20.41741129 44.35568812 15.56330600
v -20.42579377 46.99735702 21.11217109
v -20.36744197 47.90956606 23.92121010
v -20.68906555 48.23832678 26.11634107
v -20.63880237 48.80816141 28.75968798
v -20.46863703 49.38735843 31.84839580
v -20.21926498 49.76780319 34.12127304
v -19.84967338 40.76166705 11.04685939
v -19.95717906 41.87642307 12.08989340
v -19.95068434 42.83381925 13.08109301
v -19.98034514 43.96839122 14.55020249
v -20.39228226 45.20448793 16.98059564
v -20.36961052 46.13665861 18.85387372
v -19.76206659 49.74334712 31.49038623
v -19.83962822 49.97728729 34.08361816
v -19.62996483 38.86101913 9.71478653
v -19.44992319 39.74426157 10.15197900
v -19.80278346 45.23802795 16.42899336
v -19.33741784 46.34594451 18.28665969
v -19.60872438 46.84620037 19.66355762
v -19.80224540 47.51771607 21.70003919
v -19.94351520 48.55246646 25.50967803
v -19.87140741 49.21581696 28.49208028
v -19.47761917 50.03907776 33.19375229
v -18.77494219 39.46065680 9.80357342
v -19.33495510 41.67681404 11.58939813
v -19.00050300 43.13723368 12.98321334
v -18.98490249 43.86481421 13.89867395
v -19.19695695 44.79802609 15.33812542
v -19.37714858 47.90975178 22.49921888
v -19.01684226 49.55138052 28.94470863
v -19.05769730 50.14966583 33.16442490
v -27.07812284 -50.83678182 37.49354642
v -26.74270597 -50.26034934 33.49550378
v -26.35649097 -48.86551556 29.35186210
v -25.35860701 -46.46230681 23.02788048
v -24.66780395 -43.98718647 19.30882963
v -27.27041327 -51.71649989 44.38076766
v -27.09205475 -51.72894086 40.95375790
v -26.88807487 -51.55045739 37.97632970
v -26.26280769 -49.82318747 30.24759879
v -26.06264527 -48.87014463 28.04219381
v -25.81132588 -47.68772419 25.68653654
v -24.51007287 -44.97594771 19.49546541
v -23.96400326 -42.86717018 16.82870887
v -26.94069188 -52.43063041 44.51237728
v -26.91979969 -52.23754699 41.83721962
v -26.25575989 -50.87068081 32.41609921
v -25.75524155 -48.97405595 27.12975164
v -24.86449145 -46.50883980 21.72697532
v -23.17711677 -41.45562595 14.49766207
v -22.63877106 -40.05741501 12.92584896
v -26.58079253 -52.93573380 44.12892087
v -26.52832204 -51.43132696 35.21231496
v -25.81302396 -50.78168703 30.67788634
v -25.29977620 -48.17352973 24.72827303
v -24.13777636 -45.58992548 19.37083108
v -23.64980770 -43.74696822 16.85580157
v -22.80072702 -41.81096180 14.19376638
v -26.60141701 -52.85754077 47.10013748
v -26.53491577 -52.76808788 41.51906050
v -26.12694464 -53.00168048 40.24906430
v -26.34374393 -52.25861712 37.33998849
v -25.95423112 -51.79095609 33.94313022
v -25.47769964 -49.84885579 27.81629625
v -24.86787043 -48.69358976 24.57275431
v -24.52533639 -47.13732848 21.77250388
v -23.56847429 -45.72999478 18.68636045
v -22.95329992 -44.21792281 16.39529753
v -21.99989052 -41.32366736 13.02001371
v -22.03120637 -39.92733811 12.12382633
v -26.11206321 -53.35189238 46.91201856
v -25.91383813 -53.54345470 44.58602850
v -25.64248428 -52.19255719 34.31078545
v -25.25801353 -51.12486354 30.13281906
v -24.85284676 -49.99349297 26.87308033
v -24.33147291 -48.44307547 23.30109446
v -22.58076867 -42.96611267 14.86089990
v -25.78117459 -53.55215504 42.77714563
v -25.66884669 -53.06799804 38.37994806
v -25.12034511 -52.06658469 32.62661153
v -24.78279374 -51.12820631 29.27332487
v -23.62809704 -47.92571468 21.69098087
v -23.35258095 -46.54918648 19.45190970
v -22.31181372 -44.88690573 16.57509719
v -21.56131792 -42.59272307 13.77351404
v -21.13063957 -39.75955278 11.35121015
v -20.62672234 -38.90916061 10.59869480
v -25.11043665 -53.94349948 43.73909485
v -25.15882554 -53.56454792 39.94692193
v -24.78140665 -53.26954263 37.07364479
v -25.12161658 -52.74453850 35.17782451
v -24.63277131 -52.07432722 31.77170815
v -24.22157543 -50.92759326 28.05447399
v -24.14676108 -49.68630016 25.25238852
v -23.41367529 -48.68463720 22.73250031
v -22.72536104 -46.80737455 19.31143957
v -20.97669966 -41.03855126 12.18566438
v -20.45733957 -40.09366744 11.30891170
v -25.18008349 -53.90556689 46.30245188
v -24.52242229 -53.84568064 40.56559712
v -24.41588087 -52.84085112 34.42687475
v -24.12792724 -52.03844824 31.06606642
v -23.50348053 -50.93626491 27.48627657
v -23.41617528 -50.05344145 25.40322770
v -22.43747646 -47.36713753 19.98423405
v -21.82991353 -46.37716950 18.28721337
v -21.56364656 -44.29034666 15.51824300
v -20.93829500 -43.73306701 14.72736194
v -27.14612885 -49.72369597 55.77114999
v -26.71537990 -50.36504296 57.49042388
v -26.47296120 -51.22369726 56.17266347
v -26.46709061 -50.88468170 57.15826035
v -25.98567581 -51.87072754 55.75994110
v -25.66232872 -52.51317978 54.26753235
v -26.10213762 -52.39749039 53.37487030
v -27.02489545 -51.39884527 52.34025097
v -27.06163197 -50.32067150 55.30762631
v -24.82003021 -53.23693085 52.75437164
v -25.28659821 -53.06339264 52.73781586
v -25.74386948 -52.98178664 51.90777967
v -26.61560751 -51.87309160 53.26306547
v -24.86635208 -53.50692749 51.17352676
v -26.38472898 -52.76178238 50.22544540
v -27.32265091 -50.84784804 50.96417970
v -25.08296893 -53.78768203 48.63173666
v -25.60299586 -53.46491131 49.50137795
v -27.37303986 -51.22878794 47.90620409
v -27.00332654 -52.30339432 46.87342051
v -27.00264724 -52.04992456 49.44571421
v -22.73854256 -43.59408951 87.89081573
v -23.15759659 -44.01156235 85.46510315
v -23.64545822 -44.12848282 83.05644989
v -24.32966237 -44.47595307 79.40336908
v -24.92096138 -45.03100204 75.84413910
v -25.28235245 -45.49670410 73.45505524
v -26.13731522 -47.05840139 66.94303431
v -26.50411766 -48.24374100 63.15911067
v -26.41764259 -49.10655212 61.77610779
v -15.95507812 -46.35500717 105.37457275
v -15.89895535 -46.24789429 106.12638855
v -15.67622818 -45.90062671 107.46400751
v -17.39557582 -45.31521599 107.19482345
v -18.43048737 -43.82998495 107.37915747
v -18.63115120 -43.50289536 106.99465179
v -16.47973021 -45.70438005 107.53977446
v -18.22244703 -44.32826701 107.26694729
v -18.49934006 -44.11891556 106.61138153
v -18.67924500 -43.67381287 106.50741577
v -16.37869453 -46.13606262 106.16146851
v -16.83915138 -45.95878601 106.18238831
v -17.27116203 -45.71959305 106.18872833
v -17.66612244 -45.42324829 106.18035126
v -18.01617241 -45.07564545 106.15744019
v -18.31434059 -44.68371201 106.12043762
v -14.50000000 -53.20542526 35.68419266
v -14.50000000 -53.74968338 50.49256516
v -14.50000000 -53.89461136 49.34231186
v 12.43999958 -53.87058640 49.55700302
v 12.43999958 -53.73447418 50.60866928
v -14.50000000 -54.03368378 42.02886200
v 12.43999958 -53.98524475 48.45783615
v -14.50000000 -54.12118149 43.39168167
v -14.50000000 -54.15496445 44.75419235
v 12.43999958 -54.13375854 46.06128693
v 12.43999958 -54.07492065 47.29475784
v 12.43999958 -54.15496445 44.75419235
v 12.43999958 -54.09292984 42.86949158
v 12.43999958 -54.13503265 43.72407913
v 12.43999958 -54.01691437 41.82543182
v 12.43999958 -54.08268738 42.70631790
v 12.44984409 -53.88817058 40.43816740
v 12.85435963 -53.25505829 35.96268845
v 12.70829296 -53.41062927 36.88221359
v 13.03017712 -53.08607483 35.05334473
v 13.38604598 -52.86746887 33.98750570
v 14.09404469 -52.21547318 31.31463814
v 13.84760761 -52.40493011 32.02804565
v 14.49562356 -52.13551551 31.09222880
v 14.91512012 -51.60550308 29.26770020
v 14.35670853 -52.01757812 30.61264229
v 14.62927723 -51.81536865 29.93471336
v 15.23196602 -51.37378693 28.56895828
v 16.00000000 -50.80289841 26.98672867
v 15.59374619 -51.10786057 27.80947876
v 16.00000000 -50.29499817 25.71207619
v 16.00000000 -50.55230713 26.34418488
v 16.00000000 -49.76208115 24.47958755
v 16.00000000 -50.03141403 25.09049988
v 16.00000000 -49.20770264 23.28933525
v 16.00000000 -49.48744583 23.87934303
v 16.00000000 -48.62999725 22.13187027
v 16.00000000 -48.92195129 22.70703697
v 16.00000000 -48.03274536 21.01250076
v 16.00000000 -48.33312607 21.56623459
v 16.00000000 -47.42782593 19.95002937
v 16.00000000 -47.73041534 20.47300339
v 16.00000000 -46.82140732 18.95006561
v 16.00000000 -47.12511444 19.44308281
v 16.00000000 -45.90653610 17.55340576
v 16.00000000 -46.51692581 18.47085571
v 16.00000000 -46.21189499 18.00534248
v 16.00000000 -45.29607010 16.69037247
v 16.00000000 -45.60107040 17.11495209
v 16.00000000 -44.68847275 15.88237572
v 16.00000000 -44.99191666 16.27971458
v 16.00000000 -44.08307266 15.12528515
v 16.00000000 -44.38558578 15.49775982
v 16.00000000 -43.17888260 14.07909203
v 16.00000000 -43.78070068 14.76440048
v 16.00000000 -42.58229065 13.44169998
v 16.00000000 -42.88000107 13.75464535
v 16.00000000 -41.98969650 12.84851170
v 16.00000000 -41.40319443 12.29938602
v 16.00000000 -40.82476807 11.79378128
v 16.00000000 -39.68913269 10.90157604
v 16.00000000 -40.25243759 11.32775307
v 16.00000000 -38.58915329 10.15983105
v 16.00000000 -39.13638306 10.51408005
v 16.01045098 38.81653792 9.45212107
v 15.61398697 39.06076813 9.56980228
v 15.59404087 39.50246811 9.82525158
v 15.57332611 39.93196869 10.09556389
v 15.55189705 40.34888458 10.37992001
v 15.52971077 40.75245667 10.67708015
v 15.50679111 41.14236450 10.98593330
v 15.48305130 41.51932526 11.30614567
v 15.45843697 41.88387299 11.63730049
v 15.43295860 42.23590088 11.97840118
v 15.40659332 42.57545471 12.32851887
v 15.37935638 42.90274811 12.68684387
v 15.35126591 43.21759796 13.05206966
v 15.32231712 43.52058411 13.42371464
v 15.29254150 43.81181335 13.80075741
v 15.26190853 44.09200287 14.18295956
v 15.23023987 44.36309052 14.57200718
v 15.19754982 44.62521362 14.96727562
v 15.16336918 44.88196564 15.37373829
v 15.12761879 45.13381195 15.79210663
v 15.09095287 45.37643433 16.21481705
v 15.05336285 45.61011887 16.64148140
v 15.01538181 45.83241272 17.06638908
v 14.97743607 46.04161835 17.48438454
v 14.93865108 46.24316406 17.90478897
v 14.89874172 46.43901062 18.33106232
v 15.48032881 46.44425657 18.39246900
v 14.81412220 46.81919479 19.21288109
v 14.76918793 47.00413513 19.67003822
v 14.72283649 47.18385696 20.13350677
v 14.67505836 47.35855484 20.60333443
v 14.62602043 47.52762222 21.07726097
v 14.57568550 47.69138718 21.55545616
v 14.52398300 47.85016251 22.03808975
v 14.47092819 48.00407791 22.52481079
v 14.41682625 48.15249634 23.01262856
v 14.36164761 48.29570389 23.50135612
v 14.30576420 48.43355179 23.98940849
v 14.24921227 48.56608200 24.47615051
v 14.19204617 48.69357300 24.96191025
v 14.13428211 48.81613159 25.44639587
v 14.07596016 48.93391800 25.92963600
v 14.01708794 49.04705048 26.41146278
v 13.89790344 49.25972366 27.37007141
v 13.95771599 49.15563202 26.89172173
v 13.83762169 49.35950470 27.84676933
v 13.77688122 49.45514297 28.32208061
v 13.71564388 49.54676056 28.79614258
v 13.65382099 49.63465118 29.27010155
v 13.59141445 49.71879959 29.74364662
v 13.55123520 49.77069092 30.04634857
v 13.46457195 49.87659454 30.69281578
v 13.40013027 49.95030212 31.16873169
v 13.33499146 50.02051544 31.64534760
v 13.26935291 50.08713913 32.12205505
v 13.20324135 50.15006256 32.59809494
v 10.50000000 -45.74029922 107.91075897
v 13.36842845 -46.35250755 105.70200877
v 13.48371792 -45.53606033 108.35138702
v 13.50001335 -44.79052734 109.59303284
v 14.09258285 -44.85349797 109.45532058
v 13.49849796 -45.00873184 109.26716614
v 13.50000381 -43.99927902 110.61217499
v 10.50000000 -43.58839417 111.06263733
v 13.49999905 -43.10318756 111.54047394
v 13.50000000 -42.11260605 112.36720276
v 13.50000000 -41.03898621 113.08280182
v 13.50000000 -39.89474869 113.67898560
v 13.50000000 -38.69311142 114.14888000
v -14.99874174 -38.49409746 114.20990246
v 14.36222458 -38.17907333 114.22813416
v 14.36222458 -39.47138214 113.78069305
v 14.36420980 -41.32984237 112.83860121
v 14.32433879 -43.46742191 111.11872756
v 13.50000000 -11.67909813 121.93376160
v 13.46832671 -10.45166612 122.26927244
v 14.10637972 -8.86956075 122.48629274
v 13.49878995 -7.72348699 122.53277822
v -14.96486598 -6.30246204 122.42287461
v 13.50000000 -5.07312775 122.18942261
v 14.36222458 -5.64090443 122.23778534
v 14.08899754 -6.61797083 122.44196052
v 14.32071166 -10.16238732 122.26881749
v 13.49705191 21.15855453 116.57125214
v 13.50000000 22.45468903 116.26696777
v 13.49790577 23.70909202 115.82141253
v 13.49891326 26.03219490 114.52816504
v 14.36222458 26.73725510 113.88771820
v 14.80335687 25.51116227 114.69539553
v 14.07375359 24.75965703 115.29957397
v 14.75841701 23.11726559 115.89530624
v 14.36222458 21.82423019 116.35687256
v 13.50000000 52.08046341 94.36375427
v 13.40345568 53.52103506 93.18040995
v 13.48814848 54.72450295 91.70111177
v 13.48183787 55.65413883 90.09114190
v 13.55567566 56.41639665 87.65064998
v 10.50000000 56.38862991 82.55247498
v 14.36222935 56.41992950 87.00393677
v 14.36511296 56.05075055 88.84617814
v 14.36222935 55.31380081 90.57446289
v 14.36511414 54.31852595 92.16805057
v 14.36228249 52.99311471 93.55046749
v 13.22648621 56.32876587 82.03442383
v 13.98473835 56.37241745 82.79354095
v 13.86828423 56.27088547 81.91532135
v 13.36337290 56.43397918 82.99082093
v 13.43430424 56.49617767 83.74383545
v 13.98325690 56.56505750 85.26743276
v 16.33328070 39.89200191 10.11927160
v 16.04672194 42.78031071 12.59638107
v 15.56312717 44.40873463 14.62016400
v 14.84787153 48.35801787 23.76955771
v 13.99589539 49.18619537 27.03169823
v 13.88734913 49.34643555 27.78410912
v 13.77704430 49.49712753 28.53732109
v 14.34221411 49.48370476 28.62401824
v 13.94460312 49.85267878 30.66320475
v 13.82905006 50.04266739 32.01160431
v 13.70771790 50.14554214 32.78115845
v 12.82786942 -53.76463699 50.10420227
v 13.00879571 -54.01125477 47.31757925
v 12.84470905 -53.48899855 37.36688915
v 13.91769693 -52.59991884 32.86772061
v 15.39820177 -51.40380279 28.67522311
v 15.72269504 -51.46048338 29.16662926
v 16.54805521 -49.92694168 24.91448296
v 16.55285041 -48.72784858 22.37210323
v 16.55755892 -47.19846481 19.60772177
v 16.55362352 -45.46225487 16.95380437
v 16.50015809 -43.70267662 14.69875233
v 16.55695914 -42.32618562 13.22026420
v 16.39074185 -38.53379215 10.14082905
v 12.88833602 -53.95839858 41.62625031
v 18.48097229 52.00505447 85.57376099
v 18.42507665 52.32768093 86.96654169
v 18.42404556 52.43821335 85.75419617
v 18.50000000 49.48333740 90.06687164
v 18.50000000 49.82477570 89.77271271
v 18.50000000 50.14277649 89.45015717
v 18.50000000 50.43118286 89.10530090
v 18.50000000 50.69113159 88.73616791
v 18.50000000 50.92067337 88.34651184
v 18.50000000 51.11603928 87.94177246
v 18.50000000 51.27870560 87.51864624
v 18.50000000 51.40639496 87.08522034
v 18.42404556 49.71533966 90.97583771
v 18.42625180 51.37783688 89.39610892
v 18.50000000 22.63554382 110.77797699
v 18.50000000 23.05973816 110.50539398
v 18.50000000 23.46425819 110.20280457
v 18.49893383 15.82306733 113.04124364
v 18.50000000 21.73566246 111.22635651
v 18.50000000 22.19530678 111.01760101
v 18.42403793 20.88726044 112.40970612
v 18.42388184 22.71152632 111.76778203
v 18.42403793 24.12890053 110.78054047
v 18.44172259 -7.12581366 118.28664835
v 18.50000000 -7.67148113 117.52952576
v 18.50000000 -9.76274586 117.28977966
v 18.50000000 -9.24746323 117.40922546
v 18.42403793 -10.03263378 118.11654663
v 18.44840866 -8.71162027 118.24845236
v 18.48097229 -41.04006958 106.99185944
v 18.43676177 -41.21462484 107.51603974
v 18.45893535 -38.76574335 109.44585783
v 18.42403984 -37.07376099 110.32475281
v 21.00000000 -44.60348892 25.25419426
v 20.99999985 -25.88131217 27.46868032
v 21.00000000 -23.31030464 27.00746918
v 21.00000000 -22.41640282 26.83446312
v 21.00000000 -21.47020340 26.64333153
v 21.00000000 -20.47640800 26.43429565
v 21.00000000 21.00000000 10.00419331
v 21.00000000 -19.45966148 26.21233749
v 21.00000000 -18.43071556 25.97999763
v 21.00000000 -17.37469292 25.73399544
v 20.98978327 -22.27660096 29.34685019
v 21.00000000 -10.51420212 23.97461319
v 20.99545625 -12.94823561 26.18357803
v 20.99520036 1.36289325 21.83940117
v 21.00000000 -0.99001342 21.08153915
v 21.00000000 -0.11257146 20.78280258
v 21.00000000 0.84373862 20.44990158
v 21.00000000 1.87588549 20.08126259
v 21.00000000 2.97827697 19.67739296
v 21.00000000 21.00000000 13.00419331
v 20.99169524 -39.60517994 16.97263987
v 20.96839441 -42.21395501 19.92711193
v 20.98822236 -44.98709315 25.02878270
v 16.54579974 -50.71807397 26.86989678
v 17.10801126 -44.95880359 16.42306766
v 17.38531891 -43.38970010 14.58097906
v 16.86779992 -41.29655183 12.28175970
v 16.87294787 -39.58386225 10.90123896
v 17.04929128 -50.25206237 25.86806731
v 17.39055220 -48.89123789 23.05977237
v 17.41818786 -47.82423454 21.03585733
v 17.34556419 -46.68355974 19.04744342
v 17.64609909 -38.64562988 10.52502251
v 17.82148371 -49.76174388 25.30827319
v 18.17299435 -48.18909081 22.34159207
v 18.43223068 -47.14224980 20.66852538
v 17.91688188 -45.33388925 17.36820637
v 18.16552993 -43.83093427 15.57492701
v 17.87644553 -42.01857782 13.36567827
v 17.88285148 -39.88146972 11.47967085
v 18.89945777 -46.24621320 19.73879179
v 18.65636209 -44.09677909 16.33458972
v 18.92780014 -42.15000185 14.32627677
v 18.36271625 -40.96022289 12.68466369
v 18.59110050 -48.99896182 24.51330355
v 19.33766859 -44.44686527 17.65726806
v 18.91670398 -39.93465811 12.24474005
v 18.92775927 -48.81676442 24.73728107
v 19.36977701 -47.91646572 23.56504369
v 19.53374958 -45.63176245 19.77766897
v 19.33820149 -43.26085929 16.10586495
v 19.53641955 -39.59560856 12.66686260
v 19.97991159 -47.40852712 24.05149689
v 19.90701271 -45.91602897 21.06099882
v 19.89921150 -43.84006952 17.83968853
v 19.91043401 -42.18343030 15.79174189
v 19.75705060 -40.79295856 14.01817094
v 19.90740776 -39.10725784 12.81931496
v 20.23280503 -45.42398647 21.11572746
v 20.38482929 -43.22501971 18.20564195
v 20.64516765 -46.29076514 24.41614395
v 20.57567978 -46.60772705 25.03929329
v 20.63648256 -44.81920130 21.61479885
v 20.40327822 -41.20862973 15.77343762
v 20.37344507 -39.39783487 13.93383987
v 20.72234916 -42.02114799 17.87550695
v 20.71193599 -39.45703494 15.00270613
v 20.81839561 -45.92416382 25.45136452
v 20.87334714 -45.57918232 24.62176611
v 20.87543609 -43.10265205 20.32923552
v 20.87259410 -40.19122463 16.47866258
v 20.95115662 -45.14645004 25.69150734
v 20.88186264 29.34303856 13.14211750
v 20.77539062 33.30629349 12.78583241
v 20.77679634 33.30633926 13.18759251
v 20.87873840 29.48553276 13.14373875
v 20.86379479 30.14096997 13.15133708
v 20.84307480 30.98052216 13.16099930
v 20.82319069 31.72965813 13.16964626
v 20.79217148 32.80696487 13.18196392
v 20.75783348 33.86636353 13.21863842
v 20.94393417 25.98829882 13.12501345
v 20.89541817 28.69840050 13.13469982
v 20.80146599 32.49450684 13.17841053
v 19.63953018 43.50510406 20.85946083
v 19.71762848 43.20409775 20.18224907
v 19.79355431 42.88487625 19.51507568
v 19.86727142 42.54624557 18.85940933
v 20.00690719 41.85297265 17.75379265
v 20.17925644 40.94293976 17.30727768
v 20.19418687 40.68341472 16.11145109
v 20.30010223 40.09543228 16.19362068
v 20.44527513 38.83675806 14.87771100
v 20.57058334 37.30859756 14.45188332
v 20.62694359 36.51103592 13.99702358
v 20.59029861 37.07924541 13.67035947
v 20.43681859 38.40640625 13.83526570
v 20.67517281 35.70473862 13.64370155
v 20.65214157 36.10684586 13.80696583
v 20.69995880 35.22904587 13.48355770
v 20.68481993 35.50391920 13.10376430
v 20.71789169 34.85054398 13.38150501
v 20.73819542 34.38004303 13.28381920
v 19.29293823 44.56053925 22.03189850
v 19.59040695 43.50050314 19.40019946
v 19.82751885 41.86101618 16.10323815
v 20.27758693 38.70016808 13.35992235
v 18.87082481 45.54406738 23.27060890
v 19.15018407 44.73500668 21.00307902
v 19.46357575 43.45039261 18.26595551
v 20.03474158 40.63928582 14.83392047
v 18.37783813 46.45110703 24.55811119
v 18.62847347 45.84850570 22.64730287
v 18.92589759 44.88953011 20.12718592
v 19.46637429 42.16071010 15.33270423
v 19.67963534 40.55472588 13.58127227
v 19.94079020 39.20437420 12.77379262
v 17.71730042 47.46842575 26.62978554
v 17.81918716 47.27853394 25.88258743
v 18.18891620 46.49814605 23.15559239
v 18.33903899 45.64562305 20.19977998
v 19.06044254 43.92095257 17.65990159
v 19.21707355 41.98547585 14.42166154
v 19.38636470 40.26583379 12.65795282
v 19.49284744 38.91448975 11.68763065
v 17.20064354 48.02181625 27.23789406
v 17.61824989 47.21958490 24.02795974
v 18.34108928 44.97609021 18.25773261
v 18.78800736 43.64436997 16.28621921
v 18.72483032 41.57507763 13.05829142
v 18.86055426 40.18193441 11.82182449
v 16.63808632 48.51555634 27.86035728
v 17.01704164 47.86760897 25.11460927
v 17.21819307 46.97337701 21.69344415
v 17.70387150 45.24195694 17.61768533
v 18.52491640 42.96977761 14.61308156
v 15.92441559 49.09564972 29.25815392
v 16.20643000 48.69766573 27.31139913
v 16.62629766 47.92654743 24.26652753
v 17.49148889 46.10481142 19.44414931
v 17.86820933 44.42883024 16.16325134
v 17.77769300 43.59763532 14.64950063
v 17.66944980 42.86640103 13.48612442
v 18.06256940 41.26059463 12.03506078
v 18.34387276 39.85633167 11.05721416
v 14.85459658 49.45775722 28.99634267
v 15.28788948 49.44657135 29.90929031
v 15.51536016 49.15326299 28.35109044
v 15.95375469 48.44959946 25.27862747
v 16.45823863 47.28783466 21.41201959
v 16.81397081 46.09656412 18.46981099
v 17.11614153 44.71324146 15.83336371
v 17.23076776 42.43674534 12.65577658
v 17.46821399 39.93504115 10.53274473
v 14.50896740 49.84762573 31.33845901
v 15.41016333 48.60005801 25.16935130
v 16.05175170 47.03119473 20.19944793
v 16.40839169 45.68840736 17.17987769
v 16.45893780 43.57001455 13.68473181
v 17.24819057 41.42014788 11.63084368
v 16.76844906 40.76845128 10.86922392
v 17.23514557 38.83335114 9.75078011
v 14.53705264 48.95628869 26.09434809
v 15.51905373 47.80728116 22.19990679
v 15.16191939 47.32716438 20.54621891
v 15.58999733 45.72316696 16.90615058
v 16.29036673 44.68985090 15.26646646
v 16.15177247 41.59128720 11.41088113
v 14.60972691 56.24092484 82.71768951
v 18.42403603 52.43750000 85.57016754
v 18.32962608 52.86333847 85.56662750
v 18.20119667 53.18590546 84.56610870
v 18.19845772 53.27933121 85.56317139
v 17.96269989 53.75521088 84.55305481
v 18.17524153 53.36626661 85.98679901
v 17.65592003 54.29091263 84.54438019
v 17.77748220 54.17680826 86.00652902
v 17.28553391 54.78483200 84.54021454
v 16.85718727 55.22944641 84.54061890
v 16.50877203 55.57380806 85.31015620
v 15.55600174 56.10093114 84.54253178
v 15.07641891 56.31990827 85.63711464
v 14.69577326 56.37295216 84.14732001
v 15.27488232 56.13138199 83.60544586
v 15.84255219 55.85888672 83.57316589
v 16.37193108 55.51722717 83.54932404
v 16.85460091 55.11182785 83.53428650
v 17.28745531 54.84503294 86.05876851
v 16.71128082 55.33516693 86.87294769
v 15.95399897 55.93381480 86.15146136
v 15.20946050 56.13719462 87.48646921
v 18.19817734 50.19771576 91.66680145
v 18.19865459 51.20180395 90.84188944
v 18.20175409 52.69222773 88.71611867
v 17.82927132 50.65027237 92.31506348
v 17.82443596 51.81027069 91.35709472
v 17.83772993 52.90784546 89.90226519
v 17.83782372 53.69939200 88.16893081
v 17.32855606 51.05923080 92.90087128
v 17.32855606 51.87998199 92.25123596
v 17.34409009 52.97218224 91.06566710
v 17.32855606 53.79830551 89.78418732
v 17.33141577 54.43305751 88.24769153
v 16.71128082 51.41214371 93.40640259
v 16.73509127 52.66164331 92.35865131
v 16.67725402 54.10944925 90.58149718
v 16.73482434 54.96291951 88.56146572
v 15.99623489 51.69826508 93.81626129
v 15.57383822 52.82593775 93.21591442
v 15.68665897 53.59318545 92.36587023
v 16.00143215 54.50593036 90.81957956
v 15.61773503 55.47774176 89.28979033
v 15.99623489 55.61972046 88.09455109
v 15.20518970 51.90888596 94.11796570
v 15.20999515 54.83364459 91.01635720
v 18.19816399 21.08188629 113.22959900
v 18.19988569 22.88196430 112.62354370
v 18.19816399 24.67070198 111.42595673
v 17.82925415 21.26448059 113.99881744
v 17.83718147 23.31022902 113.28958918
v 17.82925415 25.17901230 112.03147888
v 17.32853889 21.42948532 114.69393158
v 16.98992309 22.70014004 114.71804134
v 17.34558710 24.13158900 113.62652763
v 17.32853889 25.63835526 112.57866669
v 16.71126366 21.57187843 115.29378510
v 16.71566789 24.59178171 114.08874843
v 16.71126366 26.03474808 113.05086517
v 15.99622059 21.68732071 115.78011322
v 15.97465447 23.61383547 115.17295622
v 15.99622059 25.29956055 114.22065735
v 15.99622059 26.35612106 113.43370056
v 15.20517921 21.77230072 116.13810730
v 15.20517921 24.32403374 115.20843506
v 15.20517921 26.59269142 113.71551514
v 18.19816399 -10.25782585 118.92857361
v 18.20012518 -8.26847947 119.28038642
v 18.19816399 -6.25788116 119.08338165
v 17.82925415 -10.46909714 119.69041443
v 17.83388837 -8.29837733 120.05269464
v 17.82925415 -6.10612345 119.85927582
v 17.32853889 -10.66001606 120.37886810
v 17.33144039 -9.02146075 120.70417938
v 17.32853889 -5.96898460 120.56041718
v 16.71126366 -10.82477093 120.97296906
v 16.71561017 -8.86548616 121.33941753
v 17.07204262 -7.02384506 121.02457720
v 16.71126366 -5.85064030 121.16547394
v 15.99622059 -10.95834541 121.45462799
v 15.68663119 -9.70323211 121.91272352
v 15.94558837 -7.71064849 121.91217771
v 15.99622059 -5.75469303 121.65602112
v 15.20517921 -11.05667210 121.80918884
v 15.20517921 -8.38247395 122.22595215
v 15.20517921 -7.02721071 122.19982910
v 15.20517921 -5.68406439 122.01712799
v 18.22986795 -41.84775072 107.95075739
v 18.20953451 -39.55725951 110.17227895
v 18.19816589 -37.30335236 111.13555145
v 17.89552686 -42.50017191 108.33786070
v 17.82380966 -40.92405252 110.16186749
v 17.83837774 -38.99678620 111.34274736
v 17.82925606 -37.51875687 111.89623260
v 17.39476213 -42.96425271 108.97205396
v 17.32854080 -41.78007507 110.33322144
v 17.33137864 -40.38438763 111.40006513
v 17.32854080 -38.82049942 112.20032501
v 17.32854080 -37.71340561 112.58364105
v 16.69632894 -42.66415751 110.38321172
v 16.71126556 -41.22560120 111.56938171
v 16.71551728 -39.62590062 112.52372159
v 16.71126556 -37.88138199 113.17684174
v 15.64979826 -43.60451765 110.35703735
v 15.99622154 -42.52862549 111.16143799
v 16.00111111 -41.08129496 112.28851960
v 15.99622154 -38.01756668 113.65776825
v 16.02023963 -44.25138605 109.20446458
v 15.20518017 -42.77534103 111.43441772
v 15.20957828 -41.08021226 112.72630132
v 15.68663694 -39.31545103 113.40206036
v 15.20518017 -38.11781311 114.01179504
v 14.89009582 -44.76224038 109.31103364
v 14.17907459 -45.24029222 108.85112838
v 15.92063798 -44.83238472 108.36994512
v 16.97478517 -43.77387041 108.61043538
v 17.93546035 -43.22483104 106.94262603
v 18.27540554 -42.31217931 106.90365576
v 18.38098335 -42.04354095 106.34545898
v 17.38446283 -43.93917675 107.45151998
v 16.54820226 -44.46439469 108.17633584
v 14.59307896 -45.60013462 107.93250789
v 13.86812242 -45.58003187 108.23888371
v 13.46721077 -45.80939865 107.74520111
v 13.44462585 -46.03317261 107.12374878
v 13.41491318 -46.20729828 106.48986816
v 13.37797928 -46.33147049 105.84734344
v 13.99292269 -46.02959639 107.09357261
v 13.94923115 -46.31153870 105.75613403
v 15.05513763 -46.07698059 105.55022430
v 15.57837296 -45.86555862 105.43737793
v 15.39428413 -45.80744963 106.49593933
v 16.12516212 -45.49310303 105.97914124
v 16.58543587 -45.17295074 105.84613800
v 17.25725948 -44.44004291 106.34998721
v 17.37410355 -44.38479614 105.56230927
v 17.69202232 -43.92725372 105.41526031
v 14.59244890 -46.07210503 106.51118821
v 16.41644964 -45.11004891 106.87315622
v 17.73225021 -43.81162643 105.98659515
v 17.99441147 -43.33096695 105.80794525
v 15.41444783 -45.38153502 107.79607988
v 18.22347832 -42.69617844 106.12081909
v 18.36425781 -42.18373108 105.90274811
v 20.92550087 22.82711029 16.02357674
v 20.92547534 20.59134103 17.39870454
v 20.92550087 18.36227036 18.65092850
v 20.96265971 14.27212026 19.11814147
v 20.92550087 12.45462322 21.58822060
v 20.97358285 5.85909589 22.25373144
v 20.94839358 -7.62563983 27.94358608
v 20.92564392 -20.36566353 31.89221382
v 20.95370483 -21.27260780 30.92223358
v 20.46756363 -46.80585861 25.69059563
v 20.10764503 -47.45383453 25.30694580
v 20.07777674 -47.48818136 24.86278894
v 19.73843002 -47.91981506 25.41578674
v 19.73843956 -47.90339661 25.62116432
v 18.88140869 -48.93667984 25.63126373
v 18.35836029 -49.51811981 26.19248009
v 18.43946930 -49.44660151 25.72992246
v 17.75489426 -50.08937836 26.93800735
v 16.46150208 -51.04963684 28.66617203
v 17.09203507 -50.55577689 27.02793400
v 17.82861684 -49.96105048 26.01346465
v 17.33107376 -50.42847061 27.22888374
v 13.59410281 -53.03604979 35.13178828
v 12.79313067 -54.13119151 44.47015741
v 13.21301580 -53.98257064 43.36693438
v 13.53243163 -53.84747083 45.11772297
v 13.65752220 -53.74167252 44.75419235
v 13.85336876 -53.53206635 46.48898697
v 13.85338020 -53.57001114 44.75419235
v 13.55114079 -53.74586105 42.72081757
v 14.10249996 -53.12343597 48.11888123
v 13.85337734 -53.41912460 48.22000885
v 13.54983139 -53.65867233 48.33582306
v 13.54983425 -53.46242523 50.11537933
v 13.20355129 -53.68718338 49.81273651
vn -0.32815053 -0.19800197 -0.92364087
vn 0.32981284 -0.20464853 -0.92159778
vn 0.33382755 0.19262989 -0.92274205
vn -0.70710693 -0.00000000 -0.70710663
vn -0.61593973 -0.28043519 -0.73618908
vn -0.87644558 -0.06885676 -0.47655209
vn 0.91660998 -0.09081731 -0.38933065
vn 0.61423725 -0.32696923 -0.71819477
vn -0.33242266 0.18674977 -0.92445644
vn 0.62539362 0.31265682 -0.71493254
vn 0.91713252 0.09061182 -0.38814615
vn -0.89124845 0.08130727 -0.44616737
vn -0.62847465 0.27584941 -0.72727348
vn -0.70710693 0.00000000 -0.70710663
vn -0.02326454 -0.44852350 0.89346821
vn -0.00014326 -0.70854640 0.70566421
vn -0.00079077 -0.92069898 0.39027267
vn -0.00113425 -0.98949486 0.14456363
vn 0.00000121 -0.99996817 -0.00797927
vn -0.04498529 -0.99153456 -0.12180127
vn -0.00049109 -0.97852050 -0.20614895
vn -0.00030688 -0.97231532 -0.23367245
vn 0.00005722 -0.93814391 -0.34624558
vn 0.00005151 -0.89113818 -0.45373202
vn 0.00004711 -0.87873665 -0.47730693
vn -0.00004023 -0.86785119 -0.49682423
vn 0.00004435 -0.84965999 -0.52733092
vn 0.00007250 -0.83272919 -0.55368049
vn 0.00000807 -0.81224450 -0.58331712
vn 0.00003038 -0.79368538 -0.60832847
vn -0.00017401 -0.76087278 -0.64890105
vn -0.00013159 -0.71539144 -0.69872388
vn -0.00009185 -0.71132399 -0.70286426
vn 0.00008072 -0.64246163 -0.76631785
vn -0.00001393 -0.60274473 -0.79793408
vn -0.00024484 -0.56710178 -0.82364769
vn -0.13228868 -0.52929507 -0.83806111
vn -0.03588213 -0.50012393 -0.86521011
vn -0.01675116 -0.54456739 -0.83854979
vn -0.03173784 -0.61822421 -0.78536077
vn -0.03960996 -0.63644501 -0.77030436
vn -0.04141545 -0.68497809 -0.72738558
vn -0.02347300 -0.66695640 -0.74472691
vn -0.12111993 -0.69539246 -0.70834969
vn -0.03572846 -0.69720776 -0.71597823
vn -0.01582256 -0.72919643 -0.68412149
vn -0.03561403 -0.74329118 -0.66801936
vn -0.01530103 -0.77813483 -0.62791087
vn -0.01888093 -0.76300063 -0.64612193
vn -0.01917543 -0.79890965 -0.60114531
vn -0.02772292 -0.81714989 -0.57575819
vn -0.01866922 -0.83547128 -0.54921690
vn -0.02582862 -0.82473637 -0.56492725
vn -0.04401827 -0.85061365 -0.52394542
vn -0.02585616 -0.84431606 -0.53522131
vn -0.08614039 -0.86239240 -0.49885788
vn -0.03881605 -0.85735712 -0.51325636
vn -0.04210422 -0.87913883 -0.47470218
vn -0.01618650 -0.87180727 -0.48958154
vn -0.03493822 -0.89008032 -0.45446269
vn -0.04305617 -0.88283682 -0.46770216
vn -0.03527519 -0.89650882 -0.44161928
vn -0.03994532 -0.90112358 -0.43171827
vn -0.02603042 -0.90771571 -0.41877752
vn 0.00000168 -0.90992400 -0.41477501
vn -0.00008495 -0.91956650 -0.39293440
vn -0.00041938 -0.91582356 -0.40158066
vn -0.04064171 -0.92289935 -0.38289039
vn 0.00004540 -0.92667351 -0.37586727
vn -0.02890017 -0.94096847 -0.33725824
vn -0.03703649 -0.93640097 -0.34897208
vn 0.00004575 -0.93235673 -0.36153965
vn 0.00003420 -0.93539968 -0.35359219
vn -0.12121332 -0.93940411 -0.32066687
vn -0.01590764 -0.99734557 -0.07105468
vn -0.02862710 -0.95675973 -0.28946729
vn -0.03370597 -0.95172803 -0.30508633
vn -0.02195772 -0.96102790 -0.27557800
vn -0.02809538 -0.96479324 -0.26150458
vn -0.10953584 -0.96677729 -0.23096227
vn -0.03899646 -0.96880438 -0.24473937
vn -0.02791771 -0.98757023 -0.15467918
vn -0.03289404 -0.98291790 -0.18108118
vn -0.04406472 -0.98386218 -0.17341716
vn -0.04613973 -0.99494721 -0.08916937
vn -0.04718442 -0.99599415 -0.07595578
vn -0.03951338 -0.99774277 -0.05429605
vn -0.04801320 -0.99844534 -0.02831315
vn -0.03810229 -0.99926804 -0.00340719
vn -0.03303373 -0.99867557 0.03944465
vn -0.03479732 -0.99395565 0.10412163
vn -0.01622366 -0.99647434 0.08231451
vn -0.14824014 -0.98086340 0.12622148
vn -0.03110886 -0.99172456 0.12455779
vn -0.03126947 -0.98205790 0.18596908
vn -0.03933707 -0.98913043 0.14168132
vn -0.01292284 -0.96976885 0.24368294
vn -0.11886256 -0.95816820 0.26035629
vn -0.03819782 -0.90031185 0.43356603
vn -0.01719529 -0.95229493 0.30469443
vn -0.02400474 -0.87269519 0.48767498
vn -0.16186399 -0.85726634 0.48876833
vn -0.02802104 -0.98825352 0.15023250
vn -0.03764400 -0.81873652 0.57293406
vn -0.04066204 -0.68205189 0.73017245
vn -0.05298091 -0.72415526 0.68759885
vn -0.04042277 -0.56722584 0.82256966
vn -0.02974729 -0.63921224 0.76845482
vn -0.02546478 -0.37944828 0.92486245
vn -0.04380183 -0.43537986 0.89918062
vn -0.03835027 -0.26584133 0.96325368
vn -0.15522295 -0.18431005 0.97053369
vn -0.13130638 -0.03069676 0.99086646
vn -0.07001739 0.19920905 0.97745246
vn -0.05398568 0.28292609 0.95762121
vn -0.05536171 0.48146171 0.87471693
vn -0.15285951 0.56087702 0.81366512
vn -0.06784384 0.64210621 0.76360777
vn -0.13414587 0.69771547 0.70370307
vn -0.05691244 0.80667158 0.58825330
vn -0.06503275 0.88806250 0.45509969
vn -0.07122892 0.92550565 0.37197546
vn -0.05830174 0.98808406 0.14244580
vn -0.04529706 0.99895980 0.00524268
vn -0.05787578 0.99722126 -0.04690570
vn -0.03567222 0.99435910 -0.09988727
vn -0.05661484 0.99578761 -0.07212350
vn -0.03577929 0.99249416 -0.11694094
vn -0.02377787 0.99077668 -0.13340237
vn -0.00127082 0.99149217 -0.13016013
vn -0.00257796 0.99059888 -0.13677434
vn -0.14559006 0.97910644 -0.14196515
vn -0.00119509 0.98946904 -0.14473976
vn -0.01894875 0.99670713 -0.07884066
vn -0.05221014 0.98689624 -0.15267586
vn -0.03932151 0.98625047 -0.16051116
vn -0.02983916 0.98526850 -0.16839124
vn -0.02391208 0.98401926 -0.17644917
vn -0.02237291 0.98249321 -0.18495013
vn -0.02599602 0.98080677 -0.19324155
vn -0.03377550 0.97900750 -0.20100632
vn -0.04247214 0.97723910 -0.20784578
vn -0.03317411 0.97457702 -0.22158319
vn -0.04004772 0.97613410 -0.21344413
vn 0.00003492 0.97224614 -0.23396035
vn -0.03005236 0.97273636 -0.22995832
vn -0.00084413 0.97010532 -0.24268282
vn -0.03152621 0.96947293 -0.24316320
vn -0.00155900 0.96814471 -0.25038649
vn -0.00037946 0.96571325 -0.25961083
vn 0.00021503 0.96313444 -0.26902046
vn 0.00020202 0.96039183 -0.27865301
vn -0.00044694 0.95746529 -0.28854814
vn -0.00176412 0.95433045 -0.29874787
vn -0.00122615 0.94816516 -0.31777559
vn -0.08944386 0.95865183 -0.27016008
vn -0.09428377 0.94462533 -0.31431443
vn 0.00003220 0.94449071 -0.32853812
vn -0.01609499 0.94750066 -0.31934848
vn -0.02988372 0.94198564 -0.33432024
vn -0.02250384 0.93570960 -0.35205273
vn -0.11231452 0.92985849 -0.35035501
vn -0.02313958 0.93280090 -0.35964850
vn -0.04723993 0.92204568 -0.38418765
vn -0.04757066 0.91757364 -0.39470958
vn -0.04669301 0.90252818 -0.42809187
vn -0.04353101 0.91055231 -0.41109555
vn 0.00004812 0.90089475 -0.43403760
vn 0.00004934 0.89288064 -0.45029341
vn -0.04641080 0.89628672 -0.44103986
vn 0.00005399 0.88413382 -0.46723376
vn -0.03841018 0.88743421 -0.45933123
vn 0.00005990 0.87470756 -0.48465109
vn -0.04039217 0.87706005 -0.47867957
vn 0.00005505 0.86437095 -0.50285471
vn -0.04776833 0.86715853 -0.49573609
vn 0.00003432 0.85287611 -0.52211333
vn -0.04353341 0.85797836 -0.51183783
vn -0.03667026 0.84782397 -0.52900833
vn -0.01181344 0.82665941 -0.56257858
vn -0.00092855 0.82574945 -0.56403633
vn -0.07975984 0.82372937 -0.56134508
vn -0.00188466 0.80752605 -0.58982889
vn -0.00242782 0.79288723 -0.60936356
vn -0.00171687 0.76681714 -0.64186332
vn 0.00003686 0.74451995 -0.66760021
vn -0.01499728 0.77497587 -0.63181286
vn -0.04038985 0.72964895 -0.68262807
vn 0.00005826 0.70858005 -0.70563043
vn -0.04764630 0.70942804 -0.70316548
vn -0.00033315 0.68831943 -0.72540764
vn -0.00088641 0.66176455 -0.74971120
vn -0.00065253 0.63587640 -0.77179063
vn 0.00011078 0.61870655 -0.78562217
vn -0.03880738 0.61730847 -0.78576348
vn -0.00082469 0.55704040 -0.83048499
vn -0.03910850 0.57418173 -0.81779329
vn -0.00111855 0.52869638 -0.84881028
vn -0.00114869 0.49753684 -0.86744209
vn -0.00241933 0.47007765 -0.88262175
vn -0.13784318 -0.54947354 0.82406194
vn -0.13256981 -0.44729602 0.88450637
vn -0.13211233 -0.29441086 0.94650334
vn -0.19729157 -0.24676781 0.94877905
vn -0.19154227 0.24333247 0.95084219
vn -0.17059446 0.38471689 0.90713309
vn -0.22954213 0.58958697 0.77440145
vn -0.30121083 0.71655194 0.62914653
vn -0.20900358 0.84055828 0.49977923
vn -0.16836481 0.94639309 0.27566901
vn -0.13968117 0.98513782 -0.09996318
vn -0.08852201 0.98897011 -0.11875178
vn -0.17692688 0.95818209 -0.22490879
vn -0.18273879 0.86969520 -0.45851585
vn -0.09727674 0.66708156 -0.73860641
vn -0.18598544 0.58745562 -0.78759463
vn -0.15920602 -0.98713210 0.01495503
vn -0.11972318 -0.99068160 0.06493327
vn -0.13964139 -0.97977924 0.14329313
vn -0.08088218 -0.58311408 -0.80835391
vn -0.12856456 -0.64674740 -0.75179050
vn -0.06917801 -0.78130328 -0.62030604
vn -0.09023390 -0.79700663 -0.59719199
vn -0.17396264 -0.87075696 -0.45991230
vn -0.00009549 -0.91250426 -0.40906719
vn -0.09490042 -0.90662213 -0.41113285
vn -0.05166068 -0.92507778 -0.37624763
vn -0.04137943 -0.93121066 -0.36212492
vn -0.12191534 -0.95061978 -0.28540967
vn -0.10030785 -0.97526584 -0.19696415
vn -0.13973149 -0.97839399 -0.15238210
vn -0.18674868 -0.98047539 -0.06158684
vn -0.97442500 -0.08189359 0.20925906
vn -0.97257887 -0.08892889 0.21489997
vn -0.97610315 -0.06099021 0.20857334
vn -0.96709660 -0.15449302 0.20212886
vn -0.97908323 -0.05948148 0.19457127
vn -0.98020882 -0.05979756 0.18871917
vn -0.97066351 -0.13709440 0.19752842
vn -0.98145266 -0.05459870 0.18376523
vn -0.97601073 -0.11643018 0.18397575
vn -0.98766189 -0.02079931 0.15521395
vn -0.98888495 -0.01781838 0.14761116
vn -0.97935188 -0.10496054 0.17278075
vn -0.99055834 0.01548420 0.13621462
vn -0.98387138 -0.09439807 0.15194116
vn -0.99230513 0.00897326 0.12349091
vn -0.99190674 0.02121862 0.12518305
vn -0.99247001 0.02926826 0.11893970
vn -0.98881428 -0.08883571 0.11981039
vn -0.99563211 0.00855603 0.09297039
vn -0.99464933 0.03377889 0.09763040
vn -0.99460538 0.01929126 0.10192142
vn -0.99737488 0.00315282 0.07234235
vn -0.99697338 0.01330693 0.07659637
vn -0.98856033 -0.11107813 0.10203001
vn -0.99750162 -0.04775294 0.05205939
vn -0.99898623 0.02060459 0.04002455
vn -0.99969116 0.00907468 0.02313509
vn -0.99954619 -0.02470078 -0.01724185
vn -0.99868609 0.00750169 0.05069337
vn -0.99983899 0.01774198 -0.00268446
vn -0.99952211 0.01428467 0.02741350
vn -0.99822477 0.01632259 0.05727891
vn -0.99918851 -0.03834530 0.01232699
vn -0.99156880 -0.12571273 -0.03142646
vn -0.98664481 -0.15323312 -0.05524164
vn -0.99450867 -0.06799009 -0.07956036
vn -0.98811649 -0.08803566 -0.12599812
vn -0.98311658 -0.07177369 -0.16831618
vn -0.96324074 -0.10777227 -0.24607399
vn -0.99306165 0.02753368 -0.11432612
vn -0.99908714 0.03550705 -0.02375153
vn -0.99539512 0.05350533 0.07953443
vn -0.99346691 0.04513768 0.10481456
vn -0.99285594 0.06385422 0.10079544
vn -0.99842708 0.04889894 0.02742717
vn -0.99794139 0.02455375 -0.05924603
vn -0.99780810 0.03582677 -0.05563675
vn -0.99885307 0.04721083 -0.00797954
vn -0.99771906 0.06413536 0.02105525
vn -0.99485809 0.06477431 0.07785677
vn -0.99256328 0.06776384 0.10112470
vn -0.99672554 0.06494082 0.04817555
vn -0.99535857 0.04011301 -0.08747716
vn -0.99376818 0.07632608 0.08123500
vn -0.99719897 0.04940990 -0.05615050
vn -0.99499384 0.08111428 0.05837577
vn -0.99289066 0.08748492 0.08071265
vn -0.99248713 0.03421671 -0.11746711
vn -0.99333517 0.03801229 -0.10881320
vn -0.99365909 0.04193094 -0.10432357
vn -0.99256882 0.03691391 -0.11595043
vn -0.99807355 0.05414180 -0.03029605
vn -0.99783305 0.06545426 -0.00670371
vn -0.99645394 0.08308322 0.01329344
vn -0.99269580 0.09156567 0.07855428
vn -0.99408870 0.04510871 -0.09875655
vn -0.99366417 0.09585140 0.05868590
vn -0.99452236 0.04837250 -0.09265733
vn -0.99582516 0.05278263 -0.07447308
vn -0.99502566 0.05174286 -0.08512705
vn -0.99563371 0.05799721 -0.07314264
vn -0.99561732 0.08656010 0.03540488
vn -0.99516438 0.05577106 -0.08085450
vn -0.99692858 0.07753809 -0.01101139
vn -0.99955373 0.02447665 0.01712424
vn -0.99671399 0.02439522 0.07724051
vn -0.99816178 0.02938281 0.05300670
vn -0.99930892 0.02324773 -0.02900391
vn -0.99942546 0.03385283 0.00165186
vn -0.99901804 0.03393734 0.02848193
vn -0.99578150 0.02619489 -0.08793761
vn -0.99664386 0.03973109 0.07157135
vn -0.99758525 0.04648051 0.05160655
vn -0.99316454 0.11491720 -0.02045090
vn -0.99228416 0.09950659 -0.07396344
vn -0.99112894 0.10462141 -0.08196205
vn -0.99292157 0.09724768 -0.06818828
vn -0.99098759 0.10389852 -0.08455000
vn -0.99343198 0.07941491 -0.08237827
vn -0.99343312 0.07653169 -0.08505014
vn -0.99269548 0.08875931 -0.08171579
vn -0.99289466 0.07585205 -0.09168784
vn -0.97528027 0.16282632 -0.14938535
vn -0.99035390 0.04742596 -0.13019188
vn -0.99323979 0.07003099 -0.09257636
vn -0.99101439 0.04827858 -0.12473837
vn -0.99317345 0.05818571 -0.10109861
vn -0.96529360 0.13730568 -0.22216078
vn -0.99296333 0.05583168 -0.10443487
vn -0.98093986 0.08087811 -0.17667970
vn -0.99093431 0.03975048 -0.12833197
vn -0.98984933 0.04667942 -0.13423611
vn -0.98174121 0.11780625 -0.14935153
vn -0.97009070 0.23864216 -0.04442920
vn -0.99048739 0.13497989 -0.02674259
vn -0.98196993 0.17537045 -0.07057098
vn -0.99592711 0.07712395 -0.04670210
vn -0.99596418 0.07414867 -0.05057008
vn -0.99592547 0.07222873 -0.05399514
vn -0.99589540 0.07038276 -0.05690892
vn -0.99587860 0.06858480 -0.05934590
vn -0.99588019 0.06680931 -0.06131198
vn -0.99590838 0.06506600 -0.06271297
vn -0.99589826 0.06377999 -0.06417769
vn -0.99580108 0.06206207 -0.06729417
vn -0.99568925 0.06006874 -0.07067288
vn -0.99596738 0.08422895 -0.03089427
vn -0.99623138 0.07117890 -0.04956407
vn -0.99679409 0.05764322 -0.05548690
vn -0.96333760 0.26778727 -0.01645148
vn -0.98973234 0.14292373 -0.00164509
vn -0.99498303 0.09966082 -0.00874582
vn -0.99683485 0.07139972 -0.03496217
vn -0.99378401 0.10991843 0.01764312
vn -0.97607998 0.21676602 0.01674386
vn -0.98499248 0.16895228 0.03528374
vn -0.97172645 0.21010349 0.10772289
vn -0.99126361 0.12736918 0.03425714
vn -0.99590430 0.09035018 -0.00338679
vn -0.96501564 0.26061440 0.02872175
vn -0.97642038 0.21261139 0.03741173
vn -0.99224960 0.11640645 0.04347729
vn -0.99418658 0.10329406 0.03038703
vn -0.99308668 0.10509423 0.05228821
vn -0.97564162 0.03398317 0.21672235
vn -0.97169866 0.01844532 0.23550263
vn -0.97003658 -0.00378683 0.24292938
vn -0.97012572 -0.03309846 0.24033433
vn -0.97071149 -0.05642582 0.23352801
vn -0.96726401 0.25038792 0.04130652
vn -0.97392788 0.21968179 0.05660739
vn -0.97593876 0.16002457 0.14810697
vn -0.97732943 0.14119146 0.15777245
vn -0.97766476 0.12561776 0.16849865
vn -0.97540866 0.12533658 0.18129725
vn -0.97541349 0.07634050 0.20673810
vn -0.18256184 -0.77045121 0.61079957
vn -0.19922439 -0.66149290 0.72300539
vn -0.31979652 -0.55517701 0.76779468
vn -0.32182777 -0.44120813 0.83771253
vn -0.17707104 -0.36464951 0.91415348
vn -0.28823088 -0.28303515 0.91477542
vn -0.38779688 -0.79035676 0.47428870
vn -0.44228827 -0.60682301 0.66041420
vn -0.47586934 -0.45859803 0.75049065
vn -0.40266769 -0.32140971 0.85706157
vn -0.57339564 -0.69960590 0.42634379
vn -0.44257826 -0.68723446 0.57604973
vn -0.51740721 -0.25415424 0.81712631
vn -0.58441778 -0.47299132 0.65934443
vn -0.58522583 -0.33539374 0.73825589
vn -0.64609605 -0.23575058 0.72593495
vn -0.67603173 -0.58298777 0.45067323
vn -0.67599549 -0.51732379 0.52479158
vn -0.73680325 -0.37204444 0.56453866
vn -0.75365262 -0.19813176 0.62669892
vn -0.73324979 -0.60496650 0.31041952
vn -0.80977673 -0.45921515 0.36521651
vn -0.84611333 -0.36156984 0.39161139
vn -0.86015711 -0.27242793 0.43117603
vn -0.79042858 -0.23936945 0.56384832
vn -0.93013692 -0.14407175 0.33777010
vn -0.88957620 -0.13138127 0.43748502
vn -0.90859596 -0.31334174 0.27617083
vn -0.93647723 -0.20422061 0.28513915
vn -0.95435658 -0.08428543 0.28653009
vn -0.95497756 -0.20861038 0.21094920
vn -0.96096074 -0.16822137 0.21967255
vn -0.92626818 0.06267457 0.37161696
vn -0.88183036 0.03054540 0.47057645
vn -0.92417988 -0.09336506 0.37037077
vn -0.82718485 0.09681298 0.55352731
vn -0.87289072 -0.05132286 0.48520897
vn -0.82676530 -0.13054023 0.54719137
vn -0.70541373 0.11505066 0.69939604
vn -0.71929707 0.01346058 0.69457220
vn -0.63901908 -0.11965589 0.75982701
vn -0.71225834 -0.16863297 0.68135965
vn -0.55228849 0.13364874 0.82287024
vn -0.52951214 0.02270271 0.84799851
vn -0.54752712 -0.20155000 0.81215248
vn -0.38249547 0.16235782 0.90958076
vn -0.26976755 0.10155005 0.95755577
vn -0.38447492 -0.09167112 0.91857250
vn -0.38235812 -0.21551887 0.89852873
vn -0.92327785 0.22731421 0.30965506
vn -0.92094798 0.17840974 0.34644593
vn -0.92690744 0.09305386 0.36357059
vn -0.83253483 0.33121402 0.44405296
vn -0.82673305 0.28770237 0.48346646
vn -0.82943406 0.18259485 0.52791881
vn -0.82958074 0.14136489 0.54019603
vn -0.70681894 0.42783883 0.56334796
vn -0.70397300 0.39606120 0.58954011
vn -0.69896004 0.28208813 0.65717665
vn -0.70518457 0.18408583 0.68470952
vn -0.55368260 0.49971442 0.66612392
vn -0.56794224 0.41268440 0.71213285
vn -0.56119137 0.20552751 0.80176224
vn -0.38145365 0.55330477 0.74050452
vn -0.37029722 0.46999846 0.80123743
vn -0.46553234 0.30161847 0.83204924
vn -0.37476729 0.23089617 0.89790670
vn -0.95402803 0.29851727 0.02679462
vn -0.92199101 0.38418171 0.04834232
vn -0.91744743 0.37913535 0.12060930
vn -0.91971753 0.32035816 0.22691479
vn -0.92252521 0.25876024 0.28633963
vn -0.88471417 0.46585985 0.01598225
vn -0.82592640 0.56356061 0.01565350
vn -0.83276552 0.54396452 0.10297663
vn -0.82756190 0.51449633 0.22457698
vn -0.82281010 0.44233034 0.35682966
vn -0.83053868 0.37135529 0.41509127
vn -0.73340354 0.67967704 0.01258467
vn -0.69193570 0.70739351 0.14428935
vn -0.61332384 0.72060487 0.32336124
vn -0.69821894 0.60932790 0.37577896
vn -0.70322189 0.51833149 0.48663276
vn -0.70536022 0.47009191 0.53054742
vn -0.76525755 0.64322877 -0.02525145
vn -0.65217267 0.75718742 -0.03657902
vn -0.46351019 0.85850254 0.21938936
vn -0.55434126 0.64831333 0.52191531
vn -0.55252985 0.55562658 0.62128084
vn -0.55832449 0.82843144 0.04444223
vn -0.51738154 0.85475265 -0.04140347
vn -0.36661359 0.92128892 0.12969655
vn -0.36261046 0.93193850 0.00207119
vn -0.36580108 0.84797859 0.38356470
vn -0.39718893 0.75822891 0.51703952
vn -0.36102485 0.60782416 0.70725586
vn -0.27824188 0.95936469 -0.04691330
vn -0.17329490 0.98270029 0.06533776
vn -0.28039252 0.95500516 -0.09667049
vn -0.41530743 0.90601859 -0.08154783
vn -0.49190040 0.86748557 -0.07418076
vn -0.92359732 0.27379224 -0.26833896
vn -0.96984109 0.21592541 -0.11306843
vn -0.91894842 0.37060841 -0.13484511
vn -0.94413325 0.31810863 -0.08613539
vn -0.91475701 0.39835444 -0.06733018
vn -0.92958806 0.36848405 -0.00924900
vn -0.92987546 0.36774032 0.00993377
vn -0.94634400 0.32238585 0.02236968
vn -0.87711674 0.26316724 -0.40175767
vn -0.92540438 0.30713081 -0.22203016
vn -0.89439266 0.40028442 -0.19958496
vn -0.88080466 0.47083136 -0.05000987
vn -0.87722343 0.47998548 -0.00964333
vn -0.88923085 0.45745554 0.00171271
vn -0.82568886 0.27717825 -0.49133504
vn -0.83726106 0.44029768 -0.32424045
vn -0.83361849 0.48027071 -0.27280077
vn -0.83249810 0.51317757 -0.20879580
vn -0.85479534 0.49818113 -0.14539772
vn -0.78932697 0.59691460 -0.14372155
vn -0.81096223 0.58324060 -0.04659028
vn -0.80852822 0.58791395 -0.02528441
vn -0.72072900 0.36407495 -0.58991452
vn -0.81943777 0.40129048 -0.40925260
vn -0.72247660 0.58956913 -0.36115897
vn -0.72339089 0.64987510 -0.23316941
vn -0.78091432 0.61565835 -0.10553496
vn -0.72156049 0.69114727 -0.04081564
vn -0.75949204 0.40500624 -0.50905971
vn -0.64252097 0.54929154 -0.53427110
vn -0.72264544 0.54984680 -0.41886997
vn -0.71344832 0.63506267 -0.29611974
vn -0.67329050 0.70811417 -0.21273040
vn -0.70758298 0.70344515 -0.06701672
vn -0.64913193 0.75876913 -0.05382513
vn -0.52134309 0.44770790 -0.72647025
vn -0.60949781 0.46897915 -0.63919557
vn -0.55838569 0.54667911 -0.62397706
vn -0.57644690 0.63866085 -0.50972668
vn -0.54657558 0.70604695 -0.45028084
vn -0.53177247 0.79599474 -0.28915465
vn -0.50605004 0.83037204 -0.23322870
vn -0.61164060 0.77275850 -0.16952898
vn -0.60538327 0.78463095 -0.13366140
vn -0.57845628 0.80934433 -0.10173540
vn -0.53983883 0.83843307 -0.07486000
vn -0.40579005 0.55799593 -0.72386116
vn -0.42165364 0.63916379 -0.64317793
vn -0.41531474 0.68362583 -0.60014114
vn -0.40780950 0.74275300 -0.53104556
vn -0.53640971 0.74632240 -0.39403997
vn -0.51019514 0.78672709 -0.34750741
vn -0.38427544 0.91452492 -0.12639836
vn -0.43588112 0.89576503 -0.08725059
vn -0.34242881 0.45715577 -0.82082344
vn -0.30715014 0.51018309 -0.80335049
vn -0.36350386 0.81191206 -0.45679727
vn -0.23751950 0.88244238 -0.40605410
vn -0.30747555 0.88451271 -0.35085047
vn -0.34963169 0.88815882 -0.29821400
vn -0.39185835 0.89415344 -0.21664869
vn -0.39374170 0.90317040 -0.17102838
vn -0.32223436 0.94097280 -0.10361083
vn -0.11340659 0.50237032 -0.85718318
vn -0.26198364 0.65422938 -0.70947057
vn -0.16380592 0.75257928 -0.63780251
vn -0.15463381 0.78835651 -0.59546822
vn -0.20727369 0.82943654 -0.51872212
vn -0.23887166 0.92936728 -0.28145479
vn -0.16823082 0.96977559 -0.17673058
vn -0.20259009 0.97266846 -0.11346067
vn -0.96725146 -0.23465595 -0.09675331
vn -0.95016859 -0.27659868 -0.14378043
vn -0.96588274 -0.18658029 -0.17960602
vn -0.93201625 -0.23343526 -0.27722499
vn -0.94690143 -0.12762538 -0.29510921
vn -0.95345955 -0.30111300 -0.01567966
vn -0.92825109 -0.36509494 -0.07110275
vn -0.89690600 -0.42946707 -0.10544037
vn -0.89643409 -0.38534195 -0.21890065
vn -0.92103092 -0.31086405 -0.23466060
vn -0.93602199 -0.24286691 -0.25471257
vn -0.87127809 -0.30862885 -0.38160545
vn -0.89462331 -0.21470749 -0.39185433
vn -0.86375564 -0.50374339 -0.01299182
vn -0.87300349 -0.48382550 -0.06146375
vn -0.83589356 -0.50914283 -0.20507446
vn -0.85709797 -0.42647217 -0.28897154
vn -0.84993436 -0.37565819 -0.36944892
vn -0.83146299 -0.27614050 -0.48209513
vn -0.76960033 -0.30923797 -0.55864766
vn -0.74972088 -0.66109244 -0.02958708
vn -0.85326374 -0.49685093 -0.15836713
vn -0.75731572 -0.60169804 -0.25383532
vn -0.83232090 -0.44205410 -0.33441005
vn -0.75663477 -0.47200439 -0.45245516
vn -0.77030909 -0.40797353 -0.49008317
vn -0.70308124 -0.41203389 -0.57957299
vn -0.76065934 -0.64770233 0.04334811
vn -0.75535059 -0.65038179 -0.08030569
vn -0.64918615 -0.75276616 -0.10908914
vn -0.75071537 -0.64482149 -0.14363730
vn -0.72154935 -0.65938510 -0.21113462
vn -0.74937205 -0.58795525 -0.30454911
vn -0.69397116 -0.61258307 -0.37834641
vn -0.71496317 -0.55041193 -0.43113150
vn -0.61951965 -0.58388713 -0.52466296
vn -0.58989322 -0.56604160 -0.57586708
vn -0.54636781 -0.49707901 -0.67408803
vn -0.63030606 -0.39963040 -0.66558983
vn -0.60423749 -0.79563783 0.04309869
vn -0.56682521 -0.82379968 -0.00795455
vn -0.60745663 -0.76752844 -0.20468644
vn -0.60954562 -0.73969691 -0.28513614
vn -0.59031686 -0.72276447 -0.35935709
vn -0.58564426 -0.68465911 -0.43389250
vn -0.57938154 -0.54322013 -0.60764210
vn -0.54538135 -0.83535497 -0.06885676
vn -0.54949843 -0.82279645 -0.14511196
vn -0.52338455 -0.81612987 -0.24495031
vn -0.48532815 -0.81316968 -0.32126572
vn -0.48195219 -0.72774711 -0.48796129
vn -0.52340559 -0.67934064 -0.51433733
vn -0.38143663 -0.70340322 -0.59977496
vn -0.35830684 -0.63280321 -0.68642283
vn -0.43271339 -0.48410759 -0.76052545
vn -0.32652631 -0.48539131 -0.81103381
vn -0.34986058 -0.93626822 -0.03161328
vn -0.39774325 -0.90991719 -0.11769031
vn -0.32425161 -0.93089840 -0.16819353
vn -0.45054331 -0.87118717 -0.19504781
vn -0.39266857 -0.88010008 -0.26689930
vn -0.38746625 -0.85242569 -0.35105604
vn -0.46559301 -0.78626748 -0.40621005
vn -0.37578218 -0.80386627 -0.46107133
vn -0.34593625 -0.76266010 -0.54651412
vn -0.31796833 -0.58748981 -0.74414505
vn -0.22528563 -0.56897833 -0.79089193
vn -0.36084843 -0.93171566 0.04116235
vn -0.20024981 -0.97419961 -0.10409196
vn -0.27039149 -0.93779120 -0.21779831
vn -0.26955100 -0.91852494 -0.28923036
vn -0.19636889 -0.91029488 -0.36442076
vn -0.25547971 -0.87774549 -0.40533069
vn -0.22681899 -0.82361269 -0.51982235
vn -0.16597863 -0.80590479 -0.56830323
vn -0.25497870 -0.72382373 -0.64114356
vn -0.12406958 -0.73377302 -0.66796998
vn -0.98488364 -0.14355570 0.09693289
vn -0.89416904 -0.41393564 0.17064292
vn -0.79817554 -0.57600602 0.17644510
vn -0.81294702 -0.54821434 0.19641330
vn -0.67189843 -0.71470033 0.19430886
vn -0.53619873 -0.82183586 0.19255322
vn -0.65538661 -0.73543525 0.17205636
vn -0.90818364 -0.40530093 0.10456407
vn -0.94608916 -0.30284574 0.11489017
vn -0.31500288 -0.93348780 0.17138762
vn -0.42385266 -0.88797416 0.17846793
vn -0.54101728 -0.82702146 0.15276063
vn -0.80045418 -0.58007095 0.15096622
vn -0.29967666 -0.94256292 0.14754338
vn -0.71037768 -0.69536712 0.10875720
vn -0.98026388 -0.19022766 0.05381594
vn -0.32078299 -0.94331305 0.08519837
vn -0.49284106 -0.86306647 0.11056200
vn -0.97564273 -0.21823049 0.02228718
vn -0.88176548 -0.47098670 0.02571304
vn -0.87929400 -0.47112796 0.06986063
vn -0.95578078 -0.21032046 0.20554417
vn -0.94402721 -0.25936040 0.20382544
vn -0.94538556 -0.25567956 0.20217348
vn -0.94623177 -0.25501698 0.19902706
vn -0.94696111 -0.25576251 0.19455127
vn -0.94669652 -0.25998202 0.19019742
vn -0.95259895 -0.24873267 0.17517790
vn -0.95182945 -0.25859792 0.16476593
vn -0.88252057 -0.43049046 0.18930241
vn -0.09034001 -0.98508763 0.14642763
vn -0.14361171 -0.97113315 0.19046283
vn -0.11219620 -0.93088379 0.34765987
vn -0.57650038 -0.75590890 0.31024031
vn -0.89070431 -0.37366909 0.25887689
vn -0.93336534 -0.29230233 0.20829902
vn -0.33618759 -0.87222241 0.35525480
vn -0.82996076 -0.48696758 0.27208034
vn -0.89121701 -0.40311619 0.20791725
vn -0.92321899 -0.32646090 0.20270662
vn -0.27468350 -0.93715235 0.21516147
vn -0.40747002 -0.88445024 0.22741142
vn -0.52278954 -0.82109490 0.22911628
vn -0.64405403 -0.73117725 0.22488717
vn -0.73901746 -0.63483679 0.22546720
vn -0.83385671 -0.50925319 0.21294174
vn -0.00009946 -0.98231424 -0.18723974
vn -0.00012861 -0.99144660 0.13051289
vn -0.00001395 -0.99360211 0.11293732
vn 0.06386058 -0.99191833 0.10963510
vn 0.04576780 -0.99041187 0.13034429
vn 0.00001763 -0.99682723 -0.07959563
vn 0.07653924 -0.99255642 0.09472851
vn 0.00000708 -0.99896002 -0.04559467
vn -0.00000359 -0.99996649 0.00818610
vn 0.06807210 -0.99716754 0.03198571
vn 0.05439396 -0.99659543 0.06195849
vn 0.02929229 -0.99933019 -0.02193457
vn 0.06978901 -0.99599420 -0.05590213
vn 0.04916447 -0.99828566 -0.03175853
vn 0.04686299 -0.99552780 -0.08202597
vn 0.06073632 -0.99595523 -0.06621389
vn 0.06470077 -0.99184819 -0.10977693
vn 0.04817544 -0.98434721 -0.16952787
vn 0.00728640 -0.98650254 -0.16358376
vn 0.05714868 -0.98234734 -0.17812278
vn 0.08119338 -0.97877414 -0.18817232
vn 0.02559167 -0.95933654 -0.28110225
vn 0.03305193 -0.97070724 -0.23798112
vn 0.15824974 -0.96547264 -0.20692898
vn 0.03022241 -0.95551571 -0.29338768
vn 0.02912754 -0.96483838 -0.26122497
vn 0.04679314 -0.96007266 -0.27580952
vn 0.01384751 -0.94790448 -0.31825358
vn 0.04366023 -0.93911327 -0.34082262
vn 0.04855203 -0.94540366 -0.32226484
vn 0.03634369 -0.92401689 -0.38062044
vn 0.03902151 -0.92756408 -0.37162105
vn 0.02669402 -0.91124092 -0.41100780
vn 0.02405904 -0.91790649 -0.39606671
vn 0.03474010 -0.90113238 -0.43214994
vn 0.03797404 -0.90514989 -0.42339303
vn 0.02148088 -0.88795802 -0.45942261
vn 0.02272064 -0.89508905 -0.44530817
vn 0.04281175 -0.87465771 -0.48284682
vn 0.03177449 -0.88076186 -0.47249225
vn 0.02280944 -0.86256614 -0.50542990
vn 0.03477899 -0.86960860 -0.49251528
vn 0.02897312 -0.84629317 -0.53192897
vn 0.02056503 -0.85448529 -0.51906836
vn 0.02734907 -0.82545710 -0.56380192
vn 0.04459579 -0.83813262 -0.54364045
vn 0.04356430 -0.83318570 -0.55127465
vn 0.01965310 -0.80704376 -0.59016449
vn 0.01865255 -0.81670205 -0.57675805
vn 0.04402387 -0.78839625 -0.61359046
vn 0.02984328 -0.79745986 -0.60263351
vn 0.02438007 -0.77248326 -0.63456696
vn 0.03985708 -0.78201322 -0.62198612
vn 0.02864153 -0.74477021 -0.66670609
vn 0.01105754 -0.71563349 -0.69838846
vn 0.02717378 -0.71725179 -0.69628404
vn 0.03620906 -0.73047610 -0.68197769
vn 0.03193580 -0.69288293 -0.72034252
vn 0.03373888 -0.67092682 -0.74075562
vn 0.04238933 -0.64150258 -0.76594881
vn 0.03542133 -0.58885833 -0.80745972
vn 0.04576107 -0.61906504 -0.78400536
vn 0.01126636 -0.45042256 -0.89274441
vn 0.03427137 -0.56066868 -0.82733071
vn 0.08239707 0.47915370 -0.87385494
vn 0.02372144 0.47772134 -0.87819111
vn 0.03536108 0.51466201 -0.85666365
vn 0.02758025 0.54904132 -0.83534002
vn 0.03651323 0.58196390 -0.81239449
vn 0.04839648 0.60816127 -0.79233683
vn 0.03608518 0.63193283 -0.77418264
vn 0.02331721 0.65994180 -0.75095481
vn 0.02757741 0.68680924 -0.72631436
vn 0.03582830 0.70764452 -0.70565967
vn 0.02720968 0.72736506 -0.68571109
vn 0.02426973 0.74932602 -0.66175637
vn 0.03551506 0.76924402 -0.63796733
vn 0.05211532 0.78538443 -0.61681058
vn 0.03870142 0.79673336 -0.60309051
vn 0.00108805 0.81121252 -0.58475042
vn -0.01567507 0.82588866 -0.56361531
vn -0.00627088 0.84083492 -0.54125531
vn 0.02194030 0.85383646 -0.52007877
vn 0.06489560 0.86479002 -0.49792247
vn 0.04197176 0.86993934 -0.49136942
vn 0.02327858 0.88152168 -0.47156934
vn 0.02213137 0.89120503 -0.45306047
vn 0.02774107 0.89890077 -0.43727318
vn 0.02313393 0.90496666 -0.42485311
vn 0.01106626 0.96047852 -0.27813404
vn 0.13254822 0.91116118 -0.39014905
vn 0.02707296 0.92153219 -0.38735704
vn 0.02826564 0.92929498 -0.36825521
vn 0.01449853 0.93461856 -0.35535609
vn 0.01044482 0.93999101 -0.34103930
vn 0.01679667 0.94493549 -0.32682534
vn 0.03031915 0.94919338 -0.31322944
vn 0.04263229 0.95232110 -0.30210431
vn 0.03526233 0.95492605 -0.29474192
vn 0.02155369 0.95812014 -0.28555425
vn 0.01421488 0.96112158 -0.27575942
vn 0.01398343 0.96410551 -0.26515096
vn 0.02008325 0.96679034 -0.25478050
vn 0.02674665 0.96885012 -0.24619924
vn 0.02276441 0.97056127 -0.23977615
vn 0.01736851 0.97277017 -0.23112015
vn 0.01857288 0.97495699 -0.22161659
vn 0.01343181 0.97829119 -0.20679927
vn 0.01420457 0.97576818 -0.21834535
vn 0.00450995 0.97995713 -0.19915743
vn 0.01576883 0.98106070 -0.19305762
vn 0.02819775 0.98318462 -0.18042420
vn 0.02863507 0.98431943 -0.17405542
vn 0.03449488 0.98544244 -0.16647314
vn 0.02303500 0.98759870 -0.15530034
vn 0.01451568 0.93135059 -0.36383426
vn 0.02325246 0.98910228 -0.14538228
vn 0.02684934 0.99003249 -0.13825620
vn 0.02683031 0.99103031 -0.13091620
vn 0.02450405 0.99174117 -0.12589283
vn 0.00013656 -0.91173188 0.41078578
vn 0.02814950 -0.99020742 0.13673650
vn 0.00639454 -0.89830888 0.43931796
vn 0.01764643 -0.84998820 0.52650609
vn 0.11823804 -0.80504946 0.58130468
vn 0.00810192 -0.82665057 0.56265727
vn 0.04433500 -0.75910002 0.64946252
vn 0.00029905 -0.72054204 0.69341120
vn 0.04494784 -0.67252813 0.73870536
vn 0.05861495 -0.60454568 0.79441099
vn 0.03945268 -0.50272415 0.86354613
vn 0.04863192 -0.41776418 0.90725301
vn 0.04409999 -0.32005642 0.94637153
vn -0.03360064 -0.30102136 0.95302526
vn 0.17261902 -0.29322121 0.94033185
vn 0.18855390 -0.38113501 0.90508758
vn 0.17270728 -0.53251187 0.82861529
vn 0.17491283 -0.70223856 0.69012065
vn 0.05145722 -0.27000820 0.96148205
vn 0.03227537 -0.21046102 0.97706932
vn 0.13497865 -0.07467847 0.98803031
vn 0.03963477 0.02067124 0.99900039
vn -0.04875593 0.12854185 0.99050485
vn 0.03518024 0.19268408 0.98063000
vn 0.17335440 0.17804264 0.96863258
vn 0.12568401 0.10370863 0.98663471
vn 0.17966355 -0.18828631 0.96554092
vn 0.03810185 0.21664163 0.97550738
vn 0.04901636 0.28640493 0.95685402
vn 0.04963060 0.38326516 0.92230397
vn 0.04956609 0.57028154 0.81995254
vn 0.17110514 0.59879049 0.78241484
vn 0.26809366 0.52550719 0.80744534
vn 0.11578489 0.46909881 0.87552280
vn 0.25136681 0.33049352 0.90971905
vn 0.16623189 0.23934451 0.95659875
vn 0.04463747 0.61953872 0.78369590
vn 0.04139507 0.70777444 0.70522464
vn 0.05045010 0.83091640 0.55410533
vn 0.04535757 0.91169112 0.40836501
vn 0.04605488 0.98254726 0.18022160
vn 0.00008331 0.99407062 -0.10873634
vn 0.16833112 0.97996475 0.10645995
vn 0.16797392 0.93969860 0.29791158
vn 0.17060471 0.87340738 0.45612891
vn 0.17681406 0.77462599 0.60719961
vn 0.18099263 0.65549826 0.73318736
vn 0.03136390 0.99234586 -0.11944035
vn 0.12607030 0.98643345 -0.10514432
vn 0.06765723 0.99003171 -0.12353020
vn 0.03660759 0.99477013 -0.09535342
vn 0.06390966 0.99499191 -0.07685483
vn 0.10354795 0.99462404 -0.00092178
vn 0.16150502 0.54351059 -0.82371862
vn 0.14773286 0.73735270 -0.65915552
vn 0.07351718 0.82753037 -0.55658665
vn 0.11332356 0.95923675 -0.25888730
vn 0.03606779 0.97759786 -0.20736813
vn 0.03513117 0.97922098 -0.19973002
vn 0.02719546 0.98216473 -0.18604531
vn 0.11788446 0.97703887 -0.17747760
vn 0.09840177 0.98434260 -0.14624206
vn 0.11501897 0.98533468 -0.12604049
vn 0.05438066 0.99080863 -0.12385882
vn 0.19042956 -0.97446166 0.11900028
vn 0.29539137 -0.95358165 0.05853180
vn 0.12509179 -0.98356719 -0.13018302
vn 0.17913705 -0.96696637 -0.18134486
vn 0.10863419 -0.95586514 -0.27298432
vn 0.31279075 -0.93638006 -0.15923042
vn 0.12009217 -0.90729286 -0.40298578
vn 0.12175580 -0.88365449 -0.45202906
vn 0.12052493 -0.85173688 -0.50991963
vn 0.11989826 -0.81035097 -0.57354661
vn 0.10531525 -0.75440646 -0.64790400
vn 0.13656655 -0.70470670 -0.69623131
vn 0.09750359 -0.51621962 -0.85088798
vn 0.24443275 -0.96583658 -0.08609484
vn 0.99496241 0.09963467 0.01107835
vn 0.98150346 0.18665073 0.04257300
vn 0.98419786 0.17678377 0.01010271
vn 0.99803870 0.04050862 0.04772627
vn 0.99775553 0.04452878 0.05001082
vn 0.99812977 0.04444921 0.04196695
vn 0.99825325 0.04641111 0.03655758
vn 0.99820026 0.05029791 0.03265513
vn 0.99795902 0.05645727 0.02983894
vn 0.99744332 0.06586662 0.02772022
vn 0.99722817 0.06988807 0.02552724
vn 0.99721916 0.07180127 0.01996329
vn 0.98454719 0.11119144 0.13528964
vn 0.98069646 0.16061024 0.11152939
vn 0.99829922 0.02998094 0.04999813
vn 0.99816319 0.03445190 0.04983279
vn 0.99818834 0.03634821 0.04794623
vn 0.99524855 0.02071689 0.09513744
vn 0.99813921 0.02002891 0.05759304
vn 0.99837003 0.02522284 0.05119665
vn 0.98562173 0.04703772 0.16228758
vn 0.98361431 0.08411740 0.15945894
vn 0.98440113 0.10431155 0.14168102
vn 0.98764091 0.02263795 0.15509013
vn 0.99895706 0.02785068 0.03618192
vn 0.99822911 -0.01488362 0.05759448
vn 0.99884183 0.01843777 0.04444151
vn 0.98409873 -0.04201407 0.17258189
vn 0.98822234 -0.01827447 0.15192978
vn 0.99590066 -0.08125798 0.03973684
vn 0.98335934 -0.14197491 0.11334697
vn 0.98945726 -0.07100211 0.12622611
vn 0.98359451 -0.05757211 0.17095990
vn 0.99981257 -0.01920271 -0.00246478
vn 0.99999371 -0.00029214 0.00353609
vn 0.99999788 0.00037570 0.00202658
vn 0.99999789 0.00039952 0.00201630
vn 0.99999787 0.00041897 0.00201929
vn 0.99999784 0.00043889 0.00202942
vn 0.99998289 0.00584632 -0.00021236
vn 0.99999780 0.00045894 0.00204586
vn 0.99999775 0.00047949 0.00206823
vn 0.99999749 0.00055039 0.00217068
vn 0.99986219 -0.00096281 0.01657333
vn 0.99999872 0.00039004 0.00154895
vn 0.99996443 0.00218642 0.00814588
vn 0.99996934 0.00295069 0.00725331
vn 0.99999855 0.00050619 0.00162852
vn 0.99999868 0.00052766 0.00153937
vn 0.99999868 0.00053943 0.00152998
vn 0.99999623 0.00148135 0.00231054
vn 0.99999249 0.00133736 0.00363700
vn 0.99994646 0.00720952 0.00742290
vn 0.99667767 -0.05833969 -0.05683392
vn 0.99282261 -0.09717659 -0.06971347
vn 0.99488807 -0.09968476 -0.01614522
vn 0.20814772 -0.93591256 -0.28415173
vn 0.23059830 -0.77353726 -0.59030884
vn 0.27872669 -0.72043753 -0.63504424
vn 0.18764989 -0.65390688 -0.73293473
vn 0.17737325 -0.57577072 -0.79813959
vn 0.25555043 -0.90967350 -0.32739595
vn 0.27852966 -0.86448013 -0.41844393
vn 0.27635266 -0.83993789 -0.46704769
vn 0.27877509 -0.81177336 -0.51313591
vn 0.31738167 -0.51836698 -0.79408095
vn 0.41746351 -0.85261965 -0.31426733
vn 0.44733949 -0.79542140 -0.40889141
vn 0.48456851 -0.76037006 -0.43247051
vn 0.39267978 -0.75476858 -0.52547787
vn 0.41946611 -0.70122446 -0.57648281
vn 0.36648881 -0.65877730 -0.65703761
vn 0.38078858 -0.56046483 -0.73544492
vn 0.57076676 -0.69825744 -0.43204381
vn 0.53096509 -0.67264833 -0.51538364
vn 0.58187467 -0.59175125 -0.55789992
vn 0.46850066 -0.59215049 -0.65564085
vn 0.52361902 -0.78799804 -0.32385524
vn 0.65425070 -0.61768513 -0.43637267
vn 0.57743125 -0.50935759 -0.63806582
vn 0.67921963 -0.71071536 -0.18315121
vn 0.66449755 -0.67496531 -0.32072548
vn 0.71103701 -0.59630565 -0.37262037
vn 0.67043545 -0.57289549 -0.47149450
vn 0.70291913 -0.44945267 -0.55126853
vn 0.80280554 -0.55505753 -0.21774849
vn 0.76653331 -0.55774131 -0.31835720
vn 0.78111007 -0.50482076 -0.36745484
vn 0.77953670 -0.47299674 -0.41060519
vn 0.74484550 -0.46298430 -0.48046927
vn 0.79057119 -0.37930987 -0.48075067
vn 0.84948934 -0.45315107 -0.27022578
vn 0.87580588 -0.39120142 -0.28271101
vn 0.91865829 -0.36907195 -0.14090010
vn 0.91163732 -0.40834349 -0.04661529
vn 0.92737500 -0.32347330 -0.18799103
vn 0.87814227 -0.35248461 -0.32345133
vn 0.87068240 -0.32198495 -0.37180351
vn 0.94344349 -0.26142259 -0.20389365
vn 0.94294190 -0.22491001 -0.24551184
vn 0.96340334 -0.26785669 0.01033476
vn 0.97277888 -0.21855348 -0.07704304
vn 0.97104799 -0.20100189 -0.12908930
vn 0.96997453 -0.17793601 -0.16579564
vn 0.99023376 -0.13599427 0.03070275
vn 0.99972287 0.02140908 0.00978954
vn 0.99916940 0.03743485 -0.01609790
vn 0.99944502 0.03192507 0.00951049
vn 0.99970758 0.02229871 0.00935581
vn 0.99968105 0.02375221 0.00858123
vn 0.99964240 0.02564712 0.00756923
vn 0.99960438 0.02726739 0.00689757
vn 0.99950731 0.02995947 0.00935791
vn 0.99932657 0.03617041 0.00617258
vn 0.99981579 0.01582555 0.01086022
vn 0.99975286 0.01965901 0.01037949
vn 0.99955498 0.02867966 0.00820517
vn 0.94429595 0.32782599 -0.02890113
vn 0.95523077 0.29461105 -0.02717555
vn 0.96109853 0.27451726 -0.03049428
vn 0.96222063 0.26864079 -0.04431242
vn 0.96324876 0.26269825 -0.05604876
vn 0.99936888 -0.02789293 0.02199615
vn 0.97041251 0.22941628 -0.07528439
vn 0.98915716 0.14589019 -0.01685709
vn 0.99025892 0.13411064 -0.03743794
vn 0.99948457 0.02534727 0.01970048
vn 0.99798505 0.06266628 0.00993876
vn 0.99320454 0.09914658 -0.06094828
vn 0.97549944 0.17686528 -0.13084157
vn 0.99976677 -0.00245099 0.02145702
vn 0.99839188 0.05653368 0.00419497
vn 0.99839800 0.05563657 0.01029573
vn 0.99695164 0.06812149 -0.03803792
vn 0.99906003 0.04305044 0.00507020
vn 0.99918506 0.04035025 0.00103748
vn 0.91758482 0.39545399 -0.04067239
vn 0.91921575 0.38500471 -0.08254567
vn 0.90712860 0.38345916 -0.17342656
vn 0.93914903 0.24842935 -0.23723820
vn 0.86954508 0.49062877 -0.05634503
vn 0.87306540 0.47923113 -0.08996851
vn 0.88071290 0.44997023 -0.14789041
vn 0.92094769 0.33053368 -0.20640455
vn 0.79471006 0.60284847 -0.07077881
vn 0.81039499 0.57650641 -0.10440461
vn 0.81787203 0.55374375 -0.15637521
vn 0.83053748 0.48287653 -0.27755674
vn 0.84389323 0.41656070 -0.33811447
vn 0.87513470 0.32994960 -0.35393859
vn 0.64458482 0.75892532 -0.09242710
vn 0.72653225 0.68183829 -0.08513181
vn 0.72809674 0.67269895 -0.13172417
vn 0.69869880 0.68775422 -0.19701302
vn 0.79429816 0.56475182 -0.22393262
vn 0.76899992 0.52334815 -0.36707743
vn 0.77322860 0.44824282 -0.44854867
vn 0.77506682 0.38216644 -0.50320994
vn 0.61207198 0.78486901 -0.09668777
vn 0.63946688 0.75541748 -0.14292144
vn 0.67396631 0.68944624 -0.26539272
vn 0.71750210 0.62061827 -0.31626524
vn 0.65435322 0.57286314 -0.49360884
vn 0.66325071 0.48779233 -0.56758888
vn 0.56786632 0.81656087 -0.10371207
vn 0.55218498 0.82194582 -0.13963101
vn 0.53792054 0.81379240 -0.21996231
vn 0.52877269 0.77558002 -0.34478266
vn 0.64422296 0.63853275 -0.42101391
vn 0.43375213 0.89400936 -0.11227799
vn 0.44517105 0.88459490 -0.13897695
vn 0.44842582 0.87152381 -0.19839487
vn 0.52699633 0.80360163 -0.27658505
vn 0.55596026 0.73724221 -0.38390378
vn 0.47832507 0.73630709 -0.47859899
vn 0.46501405 0.70339109 -0.53758991
vn 0.51801161 0.59465453 -0.61485767
vn 0.55116067 0.49914870 -0.66863479
vn 0.23020797 0.96158617 -0.14952032
vn 0.33750494 0.93390593 -0.11794124
vn 0.33746291 0.92977177 -0.14711641
vn 0.36279260 0.91265465 -0.18826318
vn 0.36708540 0.89149138 -0.26550223
vn 0.37047441 0.86028404 -0.35022860
vn 0.39009367 0.80250240 -0.45146077
vn 0.35335262 0.69465066 -0.62657992
vn 0.38408479 0.53253498 -0.75424490
vn 0.21209159 0.96944173 -0.12328782
vn 0.23487918 0.94819987 -0.21388965
vn 0.26880908 0.90595587 -0.32708659
vn 0.28719258 0.86368919 -0.41419971
vn 0.23736496 0.78065716 -0.57812825
vn 0.35261679 0.63807851 -0.68448318
vn 0.24117426 0.60304292 -0.76037768
vn 0.29506158 0.49330007 -0.81828705
vn 0.11351953 0.97086567 -0.21102884
vn 0.20311662 0.94057869 -0.27213114
vn 0.10478254 0.93707633 -0.33302937
vn 0.11797203 0.88241016 -0.45545023
vn 0.22557190 0.83186048 -0.50707540
vn 0.14732927 0.66840414 -0.72906103
vn 0.24938357 0.96168972 -0.11384519
vn 0.98231276 0.18721402 -0.00354322
vn 0.96568181 0.25972766 -0.00041846
vn 0.93444566 0.35473113 -0.03125903
vn 0.93246500 0.36029988 -0.02632536
vn 0.89536145 0.44375433 -0.03754954
vn 0.93090729 0.36412096 0.02876693
vn 0.83243668 0.55237755 -0.04391140
vn 0.85305129 0.52088691 0.03131002
vn 0.76015395 0.64778748 -0.05037207
vn 0.67422875 0.73613691 -0.05931302
vn 0.60141908 0.79872226 -0.01838031
vn 0.42248115 0.90480219 -0.05331674
vn 0.30690663 0.95162429 0.01481662
vn 0.24015192 0.96820981 -0.06997727
vn 0.36269849 0.92651926 -0.10005929
vn 0.48545309 0.86934054 -0.09264088
vn 0.58539472 0.80599180 -0.08769408
vn 0.66914190 0.73786706 -0.08832504
vn 0.75150828 0.65876225 0.03560339
vn 0.64113158 0.76045431 0.10324511
vn 0.48483354 0.87314753 0.05049583
vn 0.34289877 0.92582284 0.15897330
vn 0.93915678 0.21407045 0.26862312
vn 0.93863460 0.24667904 0.24106958
vn 0.93709202 0.31974581 0.14007559
vn 0.86578692 0.31146360 0.39166751
vn 0.86257563 0.36357779 0.35181597
vn 0.86816071 0.42229150 0.26070458
vn 0.86780752 0.47618952 0.14196355
vn 0.76411199 0.39901438 0.50687315
vn 0.76356217 0.42639336 0.48493455
vn 0.76142100 0.51346876 0.39571188
vn 0.76272316 0.57811468 0.28989102
vn 0.76589979 0.61819059 0.17674249
vn 0.64075721 0.47809264 0.60071426
vn 0.63551275 0.54823378 0.54365731
vn 0.63261296 0.66462058 0.39759317
vn 0.63705159 0.73184002 0.24202366
vn 0.50374409 0.53413429 0.67892743
vn 0.40910103 0.61410969 0.67491158
vn 0.43463092 0.67996507 0.59054506
vn 0.50834014 0.73921113 0.44176601
vn 0.41929682 0.84548060 0.33068525
vn 0.50380067 0.84069032 0.19855648
vn 0.33342358 0.57861149 0.74433693
vn 0.33268974 0.81098761 0.48126566
vn 0.93854834 0.09104870 0.33292214
vn 0.93835912 0.14947413 0.31167233
vn 0.93875353 0.20274841 0.27863039
vn 0.86411610 0.13376265 0.48519163
vn 0.85942045 0.22274404 0.46019732
vn 0.86561280 0.29648759 0.40349670
vn 0.76951685 0.16087007 0.61803287
vn 0.69486167 0.24725413 0.67530190
vn 0.76764825 0.32276363 0.55366036
vn 0.76500913 0.38487345 0.51636562
vn 0.63510766 0.19291885 0.74794423
vn 0.63605941 0.39590183 0.66233690
vn 0.64114612 0.45963657 0.61454526
vn 0.49864144 0.22430033 0.83728494
vn 0.49382673 0.34348014 0.79884702
vn 0.48928126 0.47922893 0.72865869
vn 0.50006991 0.52204862 0.69093800
vn 0.34633417 0.23439615 0.90835625
vn 0.36106937 0.43867909 0.82291529
vn 0.34401183 0.56926171 0.74672416
vn 0.93858989 -0.07823339 0.33604843
vn 0.93820122 -0.01366253 0.34582047
vn 0.93980464 0.05518112 0.33722734
vn 0.86538138 -0.11526058 0.48767825
vn 0.85819361 -0.01426519 0.51312789
vn 0.86402931 0.07638456 0.49761305
vn 0.76438165 -0.15278349 0.62640075
vn 0.76641068 -0.07705999 0.63771187
vn 0.77087767 0.11052861 0.62732052
vn 0.63997616 -0.17922780 0.74720004
vn 0.63086797 -0.07148013 0.77259058
vn 0.70854798 0.05766182 0.70330283
vn 0.63283642 0.12962868 0.76335737
vn 0.50465769 -0.21068235 0.83721775
vn 0.43500000 -0.13738324 0.88988811
vn 0.49939088 0.02421513 0.86603832
vn 0.50007886 0.13916403 0.85472481
vn 0.32380221 -0.24010173 0.91515206
vn 0.32300567 -0.03758019 0.94565060
vn 0.33459322 0.07795485 0.93913280
vn 0.34242456 0.15907478 0.92598090
vn 0.94072578 -0.26486874 0.21184797
vn 0.93748073 -0.18769291 0.29308916
vn 0.93943878 -0.10954247 0.32473870
vn 0.87543898 -0.38705904 0.28946831
vn 0.86686501 -0.31927613 0.38289398
vn 0.86531001 -0.21242627 0.45399744
vn 0.86471615 -0.15542222 0.47760853
vn 0.77530378 -0.49297011 0.39482213
vn 0.76534128 -0.43234346 0.47679330
vn 0.76548780 -0.34240342 0.54478283
vn 0.76410670 -0.24153326 0.59816606
vn 0.76568743 -0.19581187 0.61268301
vn 0.63576875 -0.55067932 0.54087927
vn 0.63579162 -0.45924356 0.62037437
vn 0.63442115 -0.33294892 0.69760649
vn 0.63908963 -0.23883907 0.73110898
vn 0.42132804 -0.68380112 0.59573376
vn 0.50837383 -0.56255226 0.65199003
vn 0.50344045 -0.47372892 0.72258468
vn 0.50482721 -0.26087333 0.82285758
vn 0.50544134 -0.70385583 0.49911523
vn 0.32694814 -0.61958109 0.71359946
vn 0.33849082 -0.49169741 0.80228276
vn 0.43256910 -0.34796340 0.83174843
vn 0.33645207 -0.28333275 0.89806601
vn 0.29219135 -0.79202538 0.53602240
vn 0.14556731 -0.86002275 0.48905114
vn 0.47291394 -0.77868921 0.41230513
vn 0.68425743 -0.60465468 0.40765732
vn 0.88591416 -0.43259832 0.16737622
vn 0.95264119 -0.27734866 0.12470963
vn 0.98093003 -0.18719086 0.05230546
vn 0.77141964 -0.58269485 0.25569210
vn 0.61691898 -0.69991488 0.35990294
vn 0.23711006 -0.89133562 0.38639309
vn 0.07894789 -0.90479581 0.41846358
vn 0.02489470 -0.92594101 0.37684678
vn 0.00819734 -0.98876110 0.14927924
vn 0.04312436 -0.97421429 0.22146512
vn 0.03382849 -0.98499901 0.16921164
vn 0.11564628 -0.94941396 0.29195732
vn 0.12834323 -0.97970704 0.15395498
vn 0.32167211 -0.93868251 0.12410557
vn 0.44210457 -0.88995300 0.11192505
vn 0.39676801 -0.89311387 0.21194989
vn 0.53368038 -0.83472300 0.13573050
vn 0.64969934 -0.75293281 0.10479959
vn 0.75415685 -0.64085805 0.14334714
vn 0.78445889 -0.61711721 0.06156778
vn 0.83513013 -0.54772773 0.05051732
vn 0.23525037 -0.94762662 0.21601171
vn 0.58977388 -0.77232180 0.23597839
vn 0.85309319 -0.51372008 0.09123428
vn 0.90880514 -0.41271620 0.06114367
vn 0.38624269 -0.85116090 0.35544578
vn 0.94757266 -0.31292372 0.06469003
vn 0.96822006 -0.24667931 0.04122174
vn 0.99963686 0.01461716 0.02263806
vn 0.99967369 0.01309829 0.02193043
vn 0.99964947 0.01252809 0.02332354
vn 0.99977667 0.00932279 0.01896570
vn 0.99963728 0.01143929 0.02438124
vn 0.99983854 0.00637610 0.01680017
vn 0.99976422 0.00613819 0.02082853
vn 0.99964248 0.00385377 0.02645873
vn 0.99966844 -0.00230615 0.02564561
vn 0.89787174 -0.43884812 0.03519474
vn 0.83116887 -0.55585984 0.01334719
vn 0.82103488 -0.56391125 -0.08891471
vn 0.77324849 -0.63406008 0.00738882
vn 0.78381768 -0.61898086 0.04992540
vn 0.75713779 -0.65288811 -0.02189717
vn 0.72617759 -0.68708314 0.02414262
vn 0.67046366 -0.73585101 -0.09487767
vn 0.64681938 -0.76225768 -0.02424710
vn 0.47559432 -0.87612795 -0.07880265
vn 0.43118055 -0.88849991 -0.15700715
vn 0.51258552 -0.84143947 -0.17098452
vn 0.56407619 -0.82387321 -0.05523569
vn 0.24634012 -0.95971740 -0.13512609
vn 0.19339870 -0.98109707 -0.00674456
vn 0.37592159 -0.92569266 -0.04214337
vn 0.51423509 -0.85757040 0.01163128
vn 0.63418902 -0.77314620 -0.00701755
vn 0.67470916 -0.73671455 0.04493587
vn 0.67937357 -0.73371877 0.01040762
vn 0.53573878 -0.84305478 -0.04735612
vn 0.77528717 -0.62967025 0.04944881
vn 0.70194327 -0.71014847 0.05445001
vn 0.53979106 -0.83873131 0.07180115
vn 0.52536011 -0.84550429 0.09549473
vn 0.38080598 -0.91892749 0.10275742
f 1248//1248 1209//1209 1249//1249
f 207//207 117//117 118//118
f 1228//1228 1209//1209 1231//1231
f 1209//1209 1248//1248 1231//1231
f 416//416 420//420 415//415
f 443//443 207//207 442//442
f 113//113 814//814 815//815
f 816//816 113//113 815//815
f 112//112 814//814 113//113
f 129//129 793//793 130//130
f 1089//1089 1090//1090 1036//1036
f 966//966 1228//1228 1229//1229
f 966//966 1227//1227 1228//1228
f 1210//1210 1209//1209 1228//1228
f 906//906 915//915 905//905
f 905//905 898//898 897//897
f 824//824 117//117 116//116
f 824//824 825//825 830//830
f 118//118 117//117 830//830
f 117//117 824//824 830//830
f 1244//1244 1243//1243 1239//1239
f 1245//1245 1232//1232 1249//1249
f 1245//1245 1244//1244 1246//1246
f 1232//1232 1245//1245 1233//1233
f 1233//1233 1245//1245 1246//1246
f 1204//1204 1203//1203 1252//1252
f 1252//1252 1251//1251 1204//1204
f 1204//1204 1251//1251 1206//1206
f 384//384 204//204 427//427
f 1252//1252 1203//1203 858//858
f 672//672 632//632 671//671
f 630//630 632//632 672//672
f 399//399 673//673 672//672
f 96//96 18//18 95//95
f 96//96 95//95 659//659
f 94//94 18//18 96//96
f 93//93 94//94 96//96
f 109//109 805//805 806//806
f 270//270 272//272 12//12
f 289//289 286//286 375//375
f 438//438 437//437 434//434
f 821//821 115//115 114//114
f 114//114 425//425 816//816
f 114//114 115//115 205//205
f 205//205 425//425 114//114
f 424//424 425//425 205//205
f 827//827 824//824 116//116
f 116//116 823//823 827//827
f 442//442 207//207 474//474
f 206//206 823//823 116//116
f 1234//1234 952//952 1229//1229
f 1234//1234 1229//1229 1232//1232
f 2//2 937//937 932//932
f 932//932 870//870 2//2
f 8//8 937//937 2//2
f 975//975 971//971 7//7
f 112//112 204//204 111//111
f 111//111 813//813 112//112
f 427//427 204//204 426//426
f 128//128 211//211 126//126
f 127//127 211//211 475//475
f 127//127 126//126 211//211
f 121//121 833//833 122//122
f 122//122 210//210 121//121
f 121//121 210//210 209//209
f 837//837 834//834 833//833
f 833//833 210//210 122//122
f 886//886 893//893 891//891
f 886//886 891//891 1220//1220
f 882//882 873//873 885//885
f 885//885 881//881 882//882
f 873//873 1098//1098 885//885
f 12//12 333//333 334//334
f 1091//1091 1090//1090 1083//1083
f 1030//1030 1091//1091 1031//1031
f 1090//1090 1091//1091 1030//1030
f 1084//1084 1094//1094 1093//1093
f 1087//1087 1073//1073 842//842
f 888//888 875//875 894//894
f 987//987 875//875 888//888
f 1225//1225 895//895 896//896
f 900//900 1226//1226 896//896
f 896//896 1226//1226 1225//1225
f 915//915 898//898 905//905
f 915//915 1226//1226 898//898
f 898//898 1226//1226 900//900
f 901//901 905//905 903//903
f 905//905 897//897 903//903
f 840//840 830//830 825//825
f 1235//1235 1244//1244 1239//1239
f 1246//1246 1244//1244 1235//1235
f 1203//1203 1204//1204 1205//1205
f 1205//1205 1204//1204 1206//1206
f 1232//1232 1229//1229 1230//1230
f 1249//1249 1232//1232 1230//1230
f 1228//1228 1231//1231 1230//1230
f 1230//1230 1229//1229 1228//1228
f 1230//1230 1248//1248 1249//1249
f 1230//1230 1231//1231 1248//1248
f 630//630 672//672 631//631
f 631//631 672//672 673//673
f 629//629 630//630 631//631
f 631//631 673//673 629//629
f 665//665 673//673 399//399
f 204//204 384//384 203//203
f 203//203 111//111 204//204
f 678//678 1202//1202 795//795
f 678//678 858//858 1202//1202
f 1252//1252 858//858 859//859
f 1211//1211 858//858 1203//1203
f 1202//1202 858//858 1211//1211
f 399//399 672//672 661//661
f 661//661 672//672 671//671
f 799//799 104//104 101//101
f 676//676 94//94 91//91
f 96//96 659//659 658//658
f 805//805 804//804 810//810
f 1180//1180 1185//1185 1184//1184
f 290//290 334//334 333//333
f 12//12 272//272 290//290
f 290//290 333//333 12//12
f 12//12 6//6 271//271
f 378//378 276//276 275//275
f 376//376 375//375 286//286
f 411//411 434//434 430//430
f 378//378 367//367 430//430
f 430//430 367//367 411//411
f 816//816 817//817 821//821
f 821//821 114//114 816//816
f 425//425 113//113 816//816
f 829//829 821//821 817//817
f 462//462 435//435 439//439
f 439//439 443//443 442//442
f 119//119 207//207 118//118
f 119//119 474//474 207//207
f 474//474 119//119 208//208
f 823//823 206//206 115//115
f 444//444 437//437 438//438
f 206//206 444//444 205//205
f 205//205 115//115 206//206
f 646//646 266//266 556//556
f 615//615 601//601 602//602
f 927//927 905//905 901//901
f 901//901 976//976 927//927
f 5//5 4//4 1//1
f 6//6 4//4 5//5
f 962//962 8//8 7//7
f 7//7 969//969 962//962
f 925//925 975//975 7//7
f 971//971 969//969 7//7
f 112//112 113//113 426//426
f 112//112 426//426 204//204
f 477//477 550//550 542//542
f 211//211 550//550 477//477
f 125//125 124//124 846//846
f 125//125 127//127 475//475
f 845//845 127//127 125//125
f 128//128 126//126 835//835
f 835//835 841//841 128//128
f 129//129 841//841 793//793
f 836//836 837//837 1095//1095
f 1108//1108 1109//1109 1112//1112
f 1112//1112 1136//1136 1108//1108
f 1108//1108 1136//1136 1132//1132
f 837//837 1116//1116 1095//1095
f 472//472 210//210 465//465
f 209//209 210//210 472//472
f 210//210 833//833 834//834
f 1102//1102 1081//1081 1107//1107
f 1107//1107 1081//1081 1092//1092
f 1093//1093 1107//1107 1092//1092
f 1098//1098 873//873 1079//1079
f 1079//1079 1102//1102 1098//1098
f 1081//1081 1102//1102 1079//1079
f 1074//1074 993//993 992//992
f 1139//1139 1136//1136 1112//1112
f 893//893 1122//1122 1121//1121
f 894//894 1122//1122 893//893
f 886//886 1220//1220 1219//1219
f 1221//1221 1220//1220 891//891
f 1222//1222 1221//1221 891//891
f 880//880 881//881 885//885
f 885//885 879//879 880//880
f 883//883 873//873 882//882
f 883//883 872//872 873//873
f 882//882 1003//1003 999//999
f 999//999 883//883 882//882
f 882//882 881//881 1002//1002
f 1002//1002 1003//1003 882//882
f 183//183 546//546 182//182
f 13//13 9//9 14//14
f 13//13 14//14 12//12
f 13//13 12//12 494//494
f 3//3 9//9 200//200
f 200//200 738//738 3//3
f 3//3 1066//1066 10//10
f 328//328 332//332 326//326
f 345//345 350//350 344//344
f 305//305 303//303 324//324
f 12//12 332//332 330//330
f 330//330 488//488 12//12
f 12//12 334//334 332//332
f 334//334 326//326 332//332
f 453//453 448//448 454//454
f 845//845 125//125 846//846
f 459//459 472//472 465//465
f 463//463 457//457 464//464
f 1082//1082 1023//1023 1083//1083
f 1082//1082 1080//1080 1016//1016
f 1083//1083 1092//1092 1082//1082
f 1031//1031 1091//1091 1022//1022
f 1083//1083 1023//1023 1022//1022
f 1022//1022 1091//1091 1083//1083
f 1089//1089 1036//1036 1042//1042
f 1084//1084 1092//1092 1083//1083
f 846//846 1087//1087 842//842
f 877//877 982//982 983//983
f 983//983 988//988 877//877
f 983//983 982//982 11//11
f 986//986 911//911 11//11
f 977//977 875//875 987//987
f 977//977 987//987 11//11
f 11//11 982//982 981//981
f 876//876 885//885 875//875
f 876//876 982//982 877//877
f 876//876 981//981 982//982
f 1219//1219 1218//1218 886//886
f 902//902 976//976 901//901
f 1174//1174 1179//1179 1173//1173
f 831//831 830//830 840//840
f 1119//1119 1116//1116 837//837
f 833//833 832//832 839//839
f 840//840 1113//1113 839//839
f 839//839 831//831 840//840
f 839//839 832//832 831//831
f 1136//1136 1139//1139 1135//1135
f 1243//1243 1245//1245 1249//1249
f 1244//1244 1245//1245 1243//1243
f 1234//1234 1233//1233 1246//1246
f 1246//1246 1235//1235 1234//1234
f 1205//1205 1211//1211 1203//1203
f 648//648 635//635 643//643
f 643//643 646//646 648//648
f 665//665 662//662 666//666
f 420//420 416//416 398//398
f 111//111 203//203 807//807
f 807//807 203//203 383//383
f 813//813 111//111 807//807
f 383//383 109//109 807//807
f 807//807 109//109 806//806
f 394//394 423//423 420//420
f 420//420 398//398 394//394
f 394//394 403//403 393//393
f 394//394 398//398 403//403
f 386//386 396//396 390//390
f 390//390 396//396 395//395
f 802//802 800//800 811//811
f 810//810 804//804 803//803
f 683//683 682//682 685//685
f 18//18 94//94 675//675
f 795//795 18//18 675//675
f 675//675 678//678 795//795
f 683//683 859//859 684//684
f 794//794 1196//1196 99//99
f 671//671 633//633 670//670
f 661//661 670//670 664//664
f 671//671 670//670 661//661
f 660//660 99//99 102//102
f 102//102 664//664 660//660
f 660//660 664//664 98//98
f 99//99 660//660 100//100
f 1200//1200 1199//1199 95//95
f 795//795 1202//1202 1200//1200
f 1200//1200 95//95 18//18
f 18//18 795//795 1200//1200
f 95//95 1199//1199 98//98
f 98//98 1199//1199 97//97
f 98//98 659//659 95//95
f 1198//1198 97//97 1201//1201
f 97//97 1199//1199 1201//1201
f 668//668 659//659 98//98
f 98//98 664//664 668//668
f 219//219 658//658 659//659
f 219//219 93//93 96//96
f 96//96 658//658 219//219
f 642//642 640//640 648//648
f 1212//1212 1205//1205 1206//1206
f 1208//1208 1207//1207 1249//1249
f 1249//1249 1209//1209 1208//1208
f 15//15 804//804 805//805
f 809//809 1185//1185 808//808
f 1184//1184 1185//1185 809//809
f 805//805 810//810 809//809
f 1183//1183 1184//1184 809//809
f 809//809 810//810 1183//1183
f 806//806 805//805 809//809
f 809//809 808//808 806//806
f 801//801 800//800 802//802
f 802//802 105//105 801//801
f 814//814 112//112 813//813
f 1179//1179 1184//1184 1183//1183
f 334//334 290//290 293//293
f 293//293 326//326 334//334
f 534//534 543//543 9//9
f 9//9 13//13 534//534
f 274//274 275//275 276//276
f 377//377 276//276 378//378
f 377//377 282//282 276//276
f 288//288 297//297 299//299
f 378//378 430//430 429//429
f 426//426 422//422 419//419
f 419//419 423//423 427//427
f 427//427 426//426 419//419
f 418//418 419//419 422//422
f 417//417 422//422 421//421
f 418//418 422//422 417//417
f 368//368 415//415 412//412
f 412//412 367//367 368//368
f 411//411 367//367 412//412
f 411//411 412//412 414//414
f 414//414 434//434 411//411
f 414//414 412//412 418//418
f 418//418 417//417 414//414
f 438//438 434//434 414//414
f 414//414 417//417 438//438
f 415//415 418//418 412//412
f 237//237 371//371 238//238
f 649//649 406//406 409//409
f 409//409 236//236 649//649
f 649//649 410//410 406//406
f 666//666 662//662 654//654
f 416//416 405//405 403//403
f 403//403 398//398 416//416
f 413//413 416//416 415//415
f 413//413 405//405 416//416
f 425//425 424//424 421//421
f 421//421 422//422 425//425
f 425//425 422//422 426//426
f 426//426 113//113 425//425
f 828//828 827//827 823//823
f 1138//1138 827//827 828//828
f 462//462 439//439 467//467
f 474//474 208//208 467//467
f 442//442 474//474 467//467
f 467//467 439//439 442//442
f 443//443 439//439 440//440
f 456//456 435//435 462//462
f 466//466 459//459 460//460
f 473//473 208//208 209//209
f 209//209 472//472 473//473
f 473//473 459//459 466//466
f 472//472 459//459 473//473
f 823//823 115//115 822//822
f 821//821 829//829 822//822
f 822//822 115//115 821//821
f 822//822 828//828 823//823
f 829//829 828//828 822//822
f 441//441 444//444 438//438
f 438//438 417//417 441//441
f 441//441 417//417 421//421
f 207//207 443//443 117//117
f 77//77 76//76 229//229
f 89//89 682//682 683//683
f 972//972 927//927 976//976
f 972//972 973//973 927//927
f 956//956 962//962 961//961
f 961//961 962//962 969//969
f 212//212 550//550 211//211
f 212//212 211//211 128//128
f 478//478 477//477 542//542
f 477//477 478//478 475//475
f 211//211 477//477 475//475
f 123//123 210//210 834//834
f 123//123 476//476 210//210
f 468//468 465//465 470//470
f 470//470 465//465 210//210
f 210//210 476//476 470//470
f 1059//1059 855//855 842//842
f 842//842 1073//1073 1059//1059
f 1059//1059 1073//1073 1050//1050
f 855//855 791//791 856//856
f 842//842 855//855 856//856
f 841//841 835//835 844//844
f 842//842 841//841 844//844
f 844//844 835//835 126//126
f 837//837 836//836 834//834
f 836//836 846//846 834//834
f 846//846 124//124 834//834
f 124//124 123//123 834//834
f 1115//1115 1119//1119 1114//1114
f 118//118 831//831 119//119
f 1109//1109 1105//1105 1110//1110
f 1115//1115 1114//1114 1110//1110
f 1110//1110 1114//1114 1109//1109
f 1106//1106 1110//1110 1105//1105
f 1106//1106 1105//1105 1101//1101
f 1106//1106 1101//1101 1102//1102
f 1102//1102 1107//1107 1106//1106
f 1109//1109 1108//1108 1103//1103
f 1103//1103 1108//1108 1132//1132
f 894//894 875//875 884//884
f 875//875 885//885 884//884
f 884//884 1122//1122 894//894
f 884//884 885//885 1097//1097
f 1075//1075 1079//1079 873//873
f 1075//1075 1074//1074 992//992
f 1077//1077 1076//1076 1079//1079
f 879//879 885//885 878//878
f 877//877 988//988 878//878
f 988//988 984//984 878//878
f 1118//1118 840//840 825//825
f 825//825 1139//1139 1118//1118
f 1118//1118 1113//1113 840//840
f 1112//1112 1113//1113 1118//1118
f 1118//1118 1139//1139 1112//1112
f 826//826 1139//1139 825//825
f 826//826 825//825 824//824
f 824//824 827//827 826//826
f 1125//1125 1128//1128 1124//1124
f 1121//1121 1122//1122 1124//1124
f 1124//1124 1122//1122 1125//1125
f 887//887 888//888 894//894
f 894//894 893//893 887//887
f 887//887 893//893 886//886
f 987//987 888//888 887//887
f 886//886 1218//1218 887//887
f 887//887 1218//1218 986//986
f 889//889 895//895 1225//1225
f 1007//1007 879//879 985//985
f 1007//1007 880//880 879//879
f 1006//1006 880//880 1007//1007
f 1007//1007 1005//1005 1006//1006
f 883//883 999//999 1000//1000
f 1005//1005 1002//1002 881//881
f 989//989 1076//1076 1077//1077
f 215//215 192//192 193//193
f 140//140 784//784 141//141
f 141//141 549//549 140//140
f 853//853 786//786 854//854
f 853//853 784//784 140//140
f 847//847 740//740 741//741
f 741//741 198//198 196//196
f 740//740 198//198 741//741
f 738//738 200//200 739//739
f 739//739 740//740 847//847
f 847//847 738//738 739//739
f 543//543 200//200 9//9
f 3//3 738//738 847//847
f 847//847 1066//1066 3//3
f 11//11 10//10 1029//1029
f 1058//1058 10//10 1066//1066
f 326//326 293//293 291//291
f 328//328 326//326 291//291
f 329//329 298//298 330//330
f 329//329 332//332 328//328
f 330//330 298//298 300//300
f 285//285 302//302 300//300
f 332//332 329//329 330//330
f 343//343 344//344 350//350
f 348//348 347//347 322//322
f 348//348 324//324 303//303
f 322//322 324//324 348//348
f 303//303 351//351 348//348
f 348//348 351//351 347//347
f 305//305 324//324 327//327
f 325//325 327//327 324//324
f 447//447 448//448 453//453
f 447//447 446//446 372//372
f 372//372 373//373 447//447
f 373//373 448//448 447//447
f 458//458 465//465 468//468
f 458//458 453//453 454//454
f 459//459 465//465 458//458
f 359//359 448//448 373//373
f 542//542 550//550 132//132
f 132//132 129//129 130//130
f 139//139 853//853 140//140
f 549//549 139//139 140//140
f 513//513 464//464 514//514
f 457//457 452//452 453//453
f 507//507 464//464 513//513
f 463//463 464//464 507//507
f 1080//1080 1082//1082 1081//1081
f 1081//1081 1082//1082 1092//1092
f 1024//1024 1082//1082 1016//1016
f 1089//1089 1042//1042 1041//1041
f 1052//1052 1041//1041 1042//1042
f 1110//1110 1116//1116 1115//1115
f 1116//1116 1119//1119 1115//1115
f 1117//1117 1094//1094 1095//1095
f 1093//1093 1094//1094 1117//1117
f 1117//1117 1095//1095 1116//1116
f 1111//1111 1116//1116 1110//1110
f 1110//1110 1106//1106 1111//1111
f 1111//1111 1106//1106 1107//1107
f 1111//1111 1117//1117 1116//1116
f 1093//1093 1092//1092 1084//1084
f 1084//1084 1090//1090 1089//1089
f 1083//1083 1090//1090 1084//1084
f 978//978 983//983 11//11
f 988//988 983//983 978//978
f 978//978 984//984 988//988
f 11//11 1005//1005 978//978
f 978//978 1007//1007 985//985
f 1005//1005 1007//1007 978//978
f 981//981 876//876 980//980
f 11//11 981//981 980//980
f 980//980 977//977 11//11
f 875//875 977//977 980//980
f 980//980 876//876 875//875
f 1218//1218 1219//1219 986//986
f 986//986 1219//1219 1221//1221
f 1229//1229 957//957 965//965
f 965//965 966//966 1229//1229
f 915//915 913//913 914//914
f 915//915 909//909 910//910
f 908//908 909//909 915//915
f 915//915 907//907 908//908
f 892//892 893//893 1121//1121
f 1121//1121 1120//1120 892//892
f 1123//1123 1120//1120 1121//1121
f 1180//1180 1184//1184 1176//1176
f 1184//1184 1175//1175 1176//1176
f 1161//1161 1162//1162 1165//1165
f 904//904 903//903 897//897
f 1162//1162 1161//1161 902//902
f 901//901 903//903 902//902
f 118//118 830//830 831//831
f 121//121 832//832 833//833
f 837//837 833//833 838//838
f 833//833 839//839 838//838
f 838//838 1119//1119 837//837
f 838//838 839//839 1119//1119
f 1114//1114 839//839 1113//1113
f 1119//1119 839//839 1114//1114
f 1138//1138 828//828 1134//1134
f 1131//1131 1135//1135 1134//1134
f 1132//1132 1136//1136 1131//1131
f 1136//1136 1135//1135 1131//1131
f 1250//1250 1243//1243 1249//1249
f 1249//1249 1207//1207 1250//1250
f 1250//1250 1251//1251 1252//1252
f 1206//1206 1251//1251 1250//1250
f 1250//1250 1207//1207 1206//1206
f 1238//1238 1235//1235 1239//1239
f 1238//1238 1234//1234 1235//1235
f 1239//1239 1237//1237 1238//1238
f 1212//1212 1194//1194 1188//1188
f 1215//1215 1205//1205 1212//1212
f 1212//1212 1188//1188 1215//1215
f 648//648 640//640 635//635
f 657//657 665//665 666//666
f 673//673 665//665 657//657
f 657//657 629//629 673//673
f 400//400 401//401 406//406
f 662//662 410//410 663//663
f 399//399 661//661 389//389
f 423//423 394//394 391//391
f 427//427 423//423 391//391
f 391//391 394//394 393//393
f 390//390 380//380 386//386
f 379//379 380//380 390//390
f 403//403 397//397 393//393
f 1186//1186 1177//1177 811//811
f 802//802 803//803 108//108
f 696//696 79//79 695//695
f 691//691 674//674 693//693
f 680//680 684//684 859//859
f 92//92 684//684 680//680
f 680//680 91//91 92//92
f 1195//1195 1201//1201 1211//1211
f 1198//1198 1201//1201 1197//1197
f 1197//1197 1201//1201 1196//1196
f 1197//1197 100//100 1198//1198
f 1196//1196 794//794 1197//1197
f 799//799 101//101 1187//1187
f 99//99 1196//1196 796//796
f 796//796 102//102 99//99
f 1196//1196 1187//1187 796//796
f 1187//1187 101//101 796//796
f 101//101 102//102 796//796
f 660//660 97//97 1198//1198
f 1198//1198 100//100 660//660
f 98//98 97//97 660//660
f 17//17 794//794 99//99
f 99//99 100//100 17//17
f 17//17 1197//1197 794//794
f 100//100 1197//1197 17//17
f 1201//1201 1200//1200 1202//1202
f 1199//1199 1200//1200 1201//1201
f 1202//1202 1211//1211 1201//1201
f 669//669 668//668 664//664
f 664//664 670//670 669//669
f 669//669 670//670 638//638
f 638//638 637//637 669//669
f 637//637 668//668 669//669
f 641//641 637//637 638//638
f 641//641 668//668 637//637
f 659//659 668//668 641//641
f 641//641 219//219 659//659
f 1193//1193 1194//1194 1212//1212
f 383//383 203//203 384//384
f 107//107 803//803 804//804
f 804//804 15//15 107//107
f 107//107 15//15 201//201
f 105//105 380//380 106//106
f 103//103 800//800 106//106
f 800//800 801//801 106//106
f 379//379 103//103 106//106
f 106//106 380//380 379//379
f 107//107 201//201 380//380
f 201//201 382//382 381//381
f 812//812 807//807 806//806
f 806//806 808//808 812//812
f 813//813 807//807 812//812
f 819//819 816//816 815//815
f 817//817 816//816 819//819
f 814//814 819//819 815//815
f 818//818 829//829 817//817
f 817//817 819//819 818//818
f 1184//1184 1179//1179 1175//1175
f 1175//1175 1179//1179 1174//1174
f 1174//1174 1170//1170 1175//1175
f 315//315 277//277 312//312
f 311//311 277//277 280//280
f 280//280 273//273 311//311
f 294//294 280//280 295//295
f 287//287 279//279 294//294
f 280//280 294//294 273//273
f 273//273 294//294 279//279
f 306//306 295//295 296//296
f 252//252 275//275 314//314
f 275//275 274//274 314//314
f 320//320 344//344 343//343
f 343//343 318//318 320//320
f 215//215 193//193 195//195
f 194//194 743//743 195//195
f 494//494 12//12 488//488
f 488//488 502//502 494//494
f 190//190 189//189 191//191
f 546//546 183//183 184//184
f 351//351 355//355 350//350
f 351//351 350//350 345//345
f 345//345 346//346 351//351
f 368//368 367//367 245//245
f 367//367 248//248 245//245
f 245//245 247//247 368//368
f 282//282 274//274 276//276
f 277//277 311//311 312//312
f 253//253 252//252 308//308
f 252//252 253//253 249//249
f 433//433 434//434 437//437
f 433//433 430//430 434//434
f 433//433 429//429 430//430
f 432//432 429//429 433//433
f 415//415 420//420 419//419
f 418//418 415//415 419//419
f 420//420 423//423 419//419
f 371//371 237//237 235//235
f 410//410 649//649 650//650
f 663//663 410//410 650//650
f 666//666 654//654 655//655
f 667//667 662//662 663//663
f 667//667 654//654 662//662
f 663//663 653//653 667//667
f 667//667 653//653 654//654
f 246//246 655//655 654//654
f 409//409 406//406 407//407
f 407//407 236//236 409//409
f 407//407 406//406 401//401
f 236//236 407//407 234//234
f 404//404 234//234 407//407
f 239//239 241//241 652//652
f 239//239 237//237 238//238
f 238//238 241//241 239//239
f 239//239 234//234 404//404
f 236//236 234//234 239//239
f 238//238 371//371 240//240
f 240//240 241//241 238//238
f 370//370 240//240 371//371
f 241//241 240//240 370//370
f 370//370 413//413 415//415
f 371//371 413//413 370//370
f 466//466 467//467 208//208
f 208//208 473//473 466//466
f 462//462 467//467 466//466
f 432//432 433//433 437//437
f 444//444 440//440 437//437
f 375//375 449//449 374//374
f 374//374 449//449 359//359
f 289//289 375//375 374//374
f 374//374 288//288 289//289
f 374//374 359//359 297//297
f 297//297 288//288 374//374
f 435//435 456//456 431//431
f 449//449 454//454 448//448
f 449//449 448//448 359//359
f 462//462 466//466 461//461
f 461//461 466//466 460//460
f 455//455 454//454 449//449
f 460//460 454//454 455//455
f 455//455 461//461 460//460
f 205//205 444//444 445//445
f 444//444 441//441 445//445
f 445//445 424//424 205//205
f 421//421 424//424 445//445
f 445//445 441//441 421//421
f 116//116 117//117 206//206
f 603//603 615//615 602//602
f 603//603 602//602 586//586
f 719//719 55//55 52//52
f 226//226 225//225 67//67
f 62//62 708//708 63//63
f 63//63 64//64 226//226
f 226//226 64//64 225//225
f 25//25 58//58 59//59
f 601//601 615//615 614//614
f 695//695 79//79 78//78
f 78//78 229//229 76//76
f 1240//1240 697//697 863//863
f 83//83 674//674 691//691
f 648//648 578//578 642//642
f 90//90 89//89 683//683
f 683//683 684//684 90//90
f 90//90 684//684 218//218
f 89//89 90//90 217//217
f 614//614 613//613 601//601
f 623//623 613//613 614//614
f 610//610 592//592 599//599
f 969//969 971//971 968//968
f 1216//1216 972//972 1217//1217
f 1191//1191 1190//1190 1216//1216
f 966//966 972//972 1216//1216
f 965//965 972//972 966//966
f 1//1 2//2 38//38
f 2//2 870//870 38//38
f 606//606 5//5 1//1
f 606//606 605//605 5//5
f 605//605 606//606 617//617
f 8//8 962//962 956//956
f 8//8 956//956 951//951
f 937//937 8//8 944//944
f 129//129 212//212 128//128
f 128//128 841//841 129//129
f 533//533 478//478 542//542
f 479//479 533//533 525//525
f 478//478 533//533 479//479
f 471//471 475//475 468//468
f 468//468 470//470 471//471
f 476//476 125//125 475//475
f 124//124 125//125 476//476
f 476//476 123//123 124//124
f 1050//1050 854//854 855//855
f 855//855 1059//1059 1050//1050
f 787//787 854//854 786//786
f 790//790 791//791 855//855
f 133//133 791//791 790//790
f 841//841 856//856 857//857
f 843//843 841//841 842//842
f 842//842 856//856 843//843
f 843//843 856//856 841//841
f 131//131 791//791 133//133
f 131//131 132//132 130//130
f 126//126 127//127 844//844
f 844//844 127//127 845//845
f 845//845 846//846 844//844
f 844//844 846//846 842//842
f 1112//1112 1109//1109 1113//1113
f 1109//1109 1114//1114 1113//1113
f 831//831 832//832 120//120
f 120//120 119//119 831//831
f 209//209 208//208 120//120
f 208//208 119//119 120//120
f 120//120 121//121 209//209
f 120//120 832//832 121//121
f 1129//1129 1128//1128 1125//1125
f 1125//1125 1099//1099 1129//1129
f 1129//1129 1099//1099 1103//1103
f 1129//1129 1103//1103 1132//1132
f 1132//1132 1131//1131 1129//1129
f 1129//1129 1131//1131 1128//1128
f 1100//1100 1099//1099 1097//1097
f 885//885 1098//1098 1097//1097
f 1105//1105 1100//1100 1101//1101
f 1100//1100 1097//1097 1101//1101
f 1101//1101 1097//1097 1098//1098
f 1102//1102 1101//1101 1098//1098
f 1096//1096 884//884 1097//1097
f 1122//1122 884//884 1096//1096
f 1097//1097 1099//1099 1096//1096
f 1125//1125 1122//1122 1096//1096
f 1096//1096 1099//1099 1125//1125
f 1079//1079 1075//1075 1077//1077
f 874//874 1075//1075 873//873
f 1074//1074 1075//1075 874//874
f 873//873 872//872 874//874
f 979//979 878//878 984//984
f 979//979 978//978 985//985
f 984//984 978//978 979//979
f 985//985 879//879 979//979
f 879//879 878//878 979//979
f 826//826 1135//1135 1139//1139
f 826//826 827//827 1138//1138
f 1138//1138 1134//1134 826//826
f 1134//1134 1135//1135 826//826
f 987//987 887//887 986//986
f 11//11 987//987 986//986
f 1224//1224 889//889 1225//1225
f 1225//1225 1226//1226 1224//1224
f 881//881 880//880 1004//1004
f 1004//1004 1005//1005 881//881
f 1004//1004 880//880 1006//1006
f 992//992 1009//1009 991//991
f 991//991 1075//1075 992//992
f 11//11 1029//1029 1021//1021
f 1021//1021 1029//1029 1028//1028
f 996//996 874//874 872//872
f 751//751 848//848 750//750
f 144//144 213//213 142//142
f 549//549 141//141 142//142
f 142//142 213//213 549//549
f 743//743 847//847 742//742
f 742//742 847//847 741//741
f 742//742 741//741 196//196
f 199//199 739//739 200//200
f 200//200 543//543 199//199
f 740//740 739//739 199//199
f 199//199 198//198 740//740
f 1035//1035 1029//1029 10//10
f 10//10 1049//1049 1035//1035
f 1049//1049 10//10 1058//1058
f 847//847 1058//1058 1066//1066
f 1065//1065 1058//1058 847//847
f 285//285 291//291 272//272
f 272//272 291//291 293//293
f 272//272 293//293 290//290
f 292//292 285//285 298//298
f 298//298 329//329 292//292
f 328//328 291//291 292//292
f 292//292 329//329 328//328
f 285//285 300//300 298//298
f 502//502 488//488 508//508
f 458//458 457//457 453//453
f 454//454 460//460 459//459
f 459//459 458//458 454//454
f 1095//1095 1094//1094 1086//1086
f 132//132 212//212 129//129
f 550//550 212//212 132//132
f 132//132 131//131 133//133
f 542//542 132//132 532//532
f 786//786 853//853 785//785
f 785//785 139//139 786//786
f 853//853 139//139 785//785
f 468//468 475//475 469//469
f 469//469 479//479 525//525
f 469//469 475//475 478//478
f 478//478 479//479 469//469
f 525//525 514//514 469//469
f 469//469 514//514 464//464
f 452//452 492//492 451//451
f 453//453 452//452 451//451
f 451//451 447//447 453//453
f 501//501 492//492 452//452
f 501//501 507//507 513//513
f 452//452 457//457 501//501
f 501//501 457//457 463//463
f 463//463 507//507 501//501
f 1016//1016 1080//1080 1017//1017
f 1012//1012 1017//1017 1080//1080
f 1081//1081 1079//1079 1078//1078
f 1078//1078 1079//1079 1076//1076
f 1013//1013 1012//1012 1078//1078
f 1078//1078 1080//1080 1081//1081
f 1078//1078 1012//1012 1080//1080
f 1023//1023 1082//1082 1024//1024
f 1085//1085 1084//1084 1089//1089
f 1087//1087 1085//1085 1088//1088
f 1073//1073 1087//1087 1088//1088
f 1088//1088 1085//1085 1089//1089
f 1089//1089 1041//1041 1088//1088
f 1088//1088 1041//1041 1052//1052
f 1111//1111 1107//1107 1093//1093
f 1093//1093 1117//1117 1111//1111
f 1221//1221 1219//1219 1220//1220
f 924//924 986//986 1221//1221
f 911//911 986//986 924//924
f 1192//1192 1216//1216 1217//1217
f 1191//1191 1216//1216 1192//1192
f 902//902 1191//1191 1192//1192
f 1217//1217 972//972 1192//1192
f 976//976 902//902 1192//1192
f 1192//1192 972//972 976//976
f 1209//1209 1210//1210 1213//1213
f 1213//1213 1208//1208 1209//1209
f 1228//1228 1227//1227 1213//1213
f 1213//1213 1210//1210 1228//1228
f 1208//1208 1213//1213 1190//1190
f 912//912 913//913 915//915
f 915//915 910//910 912//912
f 906//906 907//907 915//915
f 1123//1123 1121//1121 1124//1124
f 1126//1126 1123//1123 1124//1124
f 1164//1164 1161//1161 1165//1165
f 1165//1165 1168//1168 1164//1164
f 903//903 904//904 1162//1162
f 1162//1162 902//902 903//903
f 1127//1127 1130//1130 1126//1126
f 1133//1133 1130//1130 1127//1127
f 1127//1127 1134//1134 1133//1133
f 859//859 1250//1250 1252//1252
f 1243//1243 1250//1250 859//859
f 1187//1187 1196//1196 1195//1195
f 1196//1196 1201//1201 1195//1195
f 1181//1181 1177//1177 1186//1186
f 1195//1195 1211//1211 1215//1215
f 1215//1215 1211//1211 1205//1205
f 309//309 312//312 307//307
f 307//307 258//258 309//309
f 629//629 640//640 630//630
f 629//629 635//635 640//640
f 656//656 657//657 666//666
f 635//635 629//629 636//636
f 635//635 636//636 643//643
f 410//410 662//662 406//406
f 400//400 395//395 396//396
f 396//396 401//401 400//400
f 406//406 662//662 665//665
f 665//665 400//400 406//406
f 393//393 382//382 388//388
f 382//382 383//383 388//388
f 388//388 383//383 384//384
f 427//427 391//391 388//388
f 388//388 384//384 427//427
f 388//388 391//391 393//393
f 402//402 397//397 403//403
f 387//387 382//382 393//393
f 396//396 392//392 397//397
f 396//396 386//386 392//392
f 810//810 803//803 811//811
f 811//811 803//803 802//802
f 1178//1178 1173//1173 1179//1179
f 1177//1177 1173//1173 1178//1178
f 797//797 800//800 103//103
f 103//103 379//379 797//797
f 797//797 379//379 104//104
f 860//860 20//20 82//82
f 22//22 696//696 861//861
f 861//861 696//696 695//695
f 695//695 697//697 861//861
f 683//683 685//685 1241//1241
f 1241//1241 859//859 683//683
f 689//689 871//871 686//686
f 88//88 1241//1241 685//685
f 88//88 217//217 232//232
f 89//89 217//217 88//88
f 1243//1243 1242//1242 1247//1247
f 1239//1239 1243//1243 1247//1247
f 1247//1247 1237//1237 1239//1239
f 690//690 20//20 860//860
f 692//692 860//860 82//82
f 677//677 859//859 858//858
f 677//677 680//680 859//859
f 858//858 678//678 677//677
f 677//677 94//94 676//676
f 676//676 91//91 677//677
f 91//91 680//680 677//677
f 677//677 675//675 94//94
f 678//678 675//675 677//677
f 102//102 101//101 104//104
f 104//104 379//379 102//102
f 385//385 661//661 664//664
f 385//385 664//664 102//102
f 385//385 102//102 379//379
f 379//379 390//390 385//385
f 92//92 91//91 218//218
f 634//634 630//630 640//640
f 634//634 632//632 630//630
f 671//671 632//632 634//634
f 634//634 633//633 671//671
f 1206//1206 1207//1207 1212//1212
f 1212//1212 1207//1207 1208//1208
f 1208//1208 1193//1193 1212//1212
f 1189//1189 1168//1168 1173//1173
f 1193//1193 1189//1189 1194//1194
f 1181//1181 1173//1173 1177//1177
f 1189//1189 1193//1193 1168//1168
f 202//202 109//109 383//383
f 202//202 383//383 382//382
f 201//201 15//15 202//202
f 202//202 382//382 201//201
f 16//16 801//801 105//105
f 105//105 106//106 16//16
f 16//16 106//106 801//801
f 108//108 107//107 380//380
f 108//108 380//380 105//105
f 803//803 107//107 108//108
f 108//108 105//105 802//802
f 381//381 382//382 387//387
f 387//387 392//392 381//381
f 381//381 392//392 386//386
f 201//201 381//381 380//380
f 380//380 381//381 386//386
f 808//808 1185//1185 1157//1157
f 895//895 889//889 892//892
f 1148//1148 1123//1123 1126//1126
f 1180//1180 1176//1176 1149//1149
f 1147//1147 1150//1150 1149//1149
f 1149//1149 1150//1150 1154//1154
f 1172//1172 1166//1166 1167//1167
f 829//829 818//818 1137//1137
f 1137//1137 828//828 829//829
f 1133//1133 1134//1134 1137//1137
f 1137//1137 1134//1134 828//828
f 272//272 313//313 285//285
f 314//314 315//315 309//309
f 309//309 315//315 312//312
f 314//314 274//274 315//315
f 274//274 282//282 315//315
f 282//282 284//284 315//315
f 315//315 284//284 277//277
f 273//273 279//279 310//310
f 309//309 308//308 314//314
f 314//314 308//308 252//252
f 288//288 286//286 289//289
f 294//294 295//295 355//355
f 295//295 306//306 355//355
f 322//322 347//347 321//321
f 347//347 346//346 321//321
f 322//322 321//321 325//325
f 325//325 324//324 322//322
f 481//481 320//320 318//318
f 354//354 338//338 349//349
f 350//350 355//355 349//349
f 350//350 340//340 341//341
f 319//319 341//341 340//340
f 316//316 319//319 340//340
f 481//481 319//319 316//316
f 361//361 349//349 355//355
f 306//306 361//361 355//355
f 301//301 303//303 305//305
f 301//301 302//302 285//285
f 301//301 335//335 302//302
f 301//301 351//351 303//303
f 313//313 279//279 285//285
f 6//6 5//5 570//570
f 12//12 271//271 270//270
f 213//213 144//144 143//143
f 143//143 146//146 213//213
f 543//543 534//534 535//535
f 196//196 198//198 543//543
f 515//515 534//534 13//13
f 535//535 534//534 515//515
f 502//502 515//515 13//13
f 517//517 527//527 526//526
f 215//215 190//190 191//191
f 185//185 184//184 751//751
f 751//751 750//750 185//185
f 185//185 750//750 545//545
f 188//188 190//190 545//545
f 545//545 190//190 215//215
f 526//526 527//527 544//544
f 351//351 346//346 347//347
f 355//355 351//351 287//287
f 294//294 355//355 287//287
f 378//378 249//249 248//248
f 248//248 367//367 378//378
f 247//247 245//245 248//248
f 286//286 282//282 283//283
f 282//282 377//377 283//283
f 376//376 286//286 283//283
f 283//283 377//377 376//376
f 264//264 308//308 309//309
f 309//309 258//258 264//264
f 275//275 249//249 378//378
f 249//249 275//275 252//252
f 233//233 235//235 237//237
f 233//233 239//239 404//404
f 237//237 239//239 233//233
f 652//652 663//663 651//651
f 663//663 650//650 651//651
f 651//651 239//239 652//652
f 236//236 239//239 651//651
f 651//651 649//649 236//236
f 651//651 650//650 649//649
f 666//666 655//655 656//656
f 652//652 653//653 663//663
f 241//241 653//653 652//652
f 404//404 403//403 405//405
f 246//246 243//243 368//368
f 368//368 243//243 369//369
f 369//369 415//415 368//368
f 369//369 242//242 370//370
f 369//369 370//370 415//415
f 370//370 242//242 241//241
f 241//241 242//242 244//244
f 244//244 653//653 241//241
f 243//243 246//246 244//244
f 654//654 653//653 244//244
f 244//244 246//246 654//654
f 443//443 440//440 444//444
f 444//444 206//206 443//443
f 443//443 206//206 117//117
f 432//432 437//437 436//436
f 435//435 431//431 436//436
f 436//436 437//437 440//440
f 436//436 439//439 435//435
f 436//436 440//440 439//439
f 376//376 377//377 429//429
f 429//429 377//377 378//378
f 455//455 456//456 462//462
f 462//462 461//461 455//455
f 449//449 456//456 455//455
f 279//279 287//287 285//285
f 57//57 625//625 54//54
f 625//625 55//55 54//54
f 26//26 56//56 57//57
f 720//720 719//719 52//52
f 711//711 708//708 62//62
f 706//706 67//67 225//225
f 722//722 29//29 721//721
f 721//721 29//29 223//223
f 56//56 59//59 58//58
f 624//624 614//614 615//615
f 614//614 624//624 224//224
f 698//698 701//701 862//862
f 863//863 697//697 862//862
f 699//699 78//78 76//76
f 863//863 1237//1237 1236//1236
f 1236//1236 1242//1242 863//863
f 1236//1236 1247//1247 1242//1242
f 1237//1237 1247//1247 1236//1236
f 84//84 83//83 691//691
f 691//691 692//692 84//84
f 674//674 83//83 230//230
f 230//230 693//693 674//674
f 21//21 693//693 230//230
f 21//21 694//694 693//693
f 22//22 21//21 80//80
f 229//229 78//78 79//79
f 81//81 229//229 79//79
f 79//79 696//696 81//81
f 81//81 696//696 22//22
f 20//20 690//690 85//85
f 647//647 578//578 648//648
f 647//647 556//556 564//564
f 648//648 646//646 647//647
f 646//646 556//556 647//647
f 556//556 565//565 564//564
f 556//556 557//557 565//565
f 218//218 684//684 92//92
f 217//217 90//90 218//218
f 217//217 607//607 232//232
f 595//595 601//601 613//613
f 75//75 701//701 698//698
f 226//226 622//622 623//623
f 224//224 623//623 614//614
f 226//226 623//623 224//224
f 74//74 622//622 71//71
f 613//613 600//600 594//594
f 593//593 600//600 599//599
f 582//582 593//593 592//592
f 593//593 599//599 592//592
f 611//611 620//620 610//610
f 610//610 599//599 611//611
f 927//927 973//973 926//926
f 1214//1214 1216//1216 1190//1190
f 1214//1214 1213//1213 1227//1227
f 1190//1190 1213//1213 1214//1214
f 1227//1227 966//966 1214//1214
f 966//966 1216//1216 1214//1214
f 972//972 965//965 973//973
f 973//973 965//965 967//967
f 1//1 38//38 37//37
f 732//732 43//43 733//733
f 43//43 221//221 41//41
f 41//41 733//733 43//43
f 734//734 36//36 737//737
f 37//37 606//606 1//1
f 40//40 41//41 220//220
f 220//220 41//41 221//221
f 221//221 617//617 220//220
f 37//37 617//617 606//606
f 969//969 968//968 961//961
f 974//974 967//967 970//970
f 471//471 476//476 475//475
f 471//471 470//470 476//476
f 789//789 790//790 855//855
f 855//855 136//136 789//789
f 791//791 131//131 792//792
f 792//792 856//856 791//791
f 130//130 793//793 792//792
f 792//792 131//131 130//130
f 792//792 857//857 856//856
f 793//793 841//841 792//792
f 841//841 857//857 792//792
f 1103//1103 1099//1099 1104//1104
f 1099//1099 1100//1100 1104//1104
f 1109//1109 1103//1103 1104//1104
f 1104//1104 1100//1100 1105//1105
f 1105//1105 1109//1109 1104//1104
f 885//885 876//876 877//877
f 877//877 878//878 885//885
f 1005//1005 1004//1004 1006//1006
f 1021//1021 1015//1015 1011//1011
f 1001//1001 1011//1011 1015//1015
f 872//872 883//883 998//998
f 998//998 997//997 872//872
f 998//998 883//883 1000//1000
f 998//998 1000//1000 997//997
f 995//995 996//996 997//997
f 997//997 996//996 872//872
f 1040//1040 1034//1034 1047//1047
f 1020//1020 1015//1015 1021//1021
f 1064//1064 1058//1058 1065//1065
f 746//746 192//192 191//191
f 188//188 545//545 187//187
f 1028//1028 1029//1029 1035//1035
f 285//285 292//292 291//291
f 287//287 351//351 285//285
f 351//351 301//301 285//285
f 331//331 300//300 302//302
f 302//302 335//335 331//331
f 330//330 300//300 331//331
f 536//536 530//530 531//531
f 531//531 530//530 511//511
f 510//510 509//509 503//503
f 530//530 536//536 519//519
f 519//519 536//536 529//529
f 330//330 480//480 488//488
f 330//330 331//331 335//335
f 457//457 458//458 468//468
f 468//468 464//464 457//457
f 468//468 469//469 464//464
f 1086//1086 1085//1085 1087//1087
f 1094//1094 1085//1085 1086//1086
f 532//532 132//132 549//549
f 135//135 136//136 549//549
f 135//135 789//789 136//136
f 134//134 790//790 135//135
f 790//790 789//789 135//135
f 788//788 136//136 855//855
f 854//854 787//787 788//788
f 788//788 855//855 854//854
f 139//139 549//549 138//138
f 786//786 139//139 138//138
f 138//138 787//787 786//786
f 363//363 373//373 372//372
f 493//493 451//451 492//492
f 500//500 501//501 513//513
f 492//492 501//501 500//500
f 1017//1017 1012//1012 1013//1013
f 1076//1076 989//989 1009//1009
f 990//990 1009//1009 989//989
f 1075//1075 991//991 990//990
f 991//991 1009//1009 990//990
f 1077//1077 1075//1075 990//990
f 990//990 989//989 1077//1077
f 1084//1084 1085//1085 1094//1094
f 1051//1051 1088//1088 1052//1052
f 1051//1051 1050//1050 1073//1073
f 1073//1073 1088//1088 1051//1051
f 1052//1052 1050//1050 1051//1051
f 918//918 921//921 922//922
f 920//920 918//918 919//919
f 1161//1161 1190//1190 1191//1191
f 1191//1191 902//902 1161//1161
f 1166//1166 1165//1165 1162//1162
f 1170//1170 1165//1165 1166//1166
f 1169//1169 1168//1168 1165//1165
f 1169//1169 1165//1165 1170//1170
f 1173//1173 1168//1168 1169//1169
f 1174//1174 1173//1173 1169//1169
f 1169//1169 1170//1170 1174//1174
f 1164//1164 1190//1190 1161//1161
f 1126//1126 1124//1124 1127//1127
f 1127//1127 1124//1124 1128//1128
f 1131//1131 1127//1127 1128//1128
f 1134//1134 1127//1127 1131//1131
f 859//859 1241//1241 1242//1242
f 1242//1242 1243//1243 859//859
f 646//646 643//643 265//265
f 262//262 260//260 265//265
f 636//636 629//629 656//656
f 629//629 657//657 656//656
f 257//257 265//265 643//643
f 265//265 257//257 259//259
f 636//636 656//656 628//628
f 628//628 656//656 256//256
f 396//396 397//397 401//401
f 401//401 397//397 402//402
f 395//395 400//400 399//399
f 400//400 665//665 399//399
f 389//389 395//395 399//399
f 392//392 387//387 393//393
f 392//392 393//393 397//397
f 811//811 1177//1177 1182//1182
f 1182//1182 1183//1183 810//810
f 810//810 811//811 1182//1182
f 1179//1179 1183//1183 1182//1182
f 1182//1182 1178//1178 1179//1179
f 1177//1177 1178//1178 1182//1182
f 798//798 104//104 799//799
f 798//798 797//797 104//104
f 1241//1241 88//88 687//687
f 19//19 88//88 685//685
f 89//89 88//88 19//19
f 871//871 1242//1242 1241//1241
f 1241//1241 686//686 871//871
f 1241//1241 687//687 686//686
f 860//860 693//693 694//694
f 691//691 693//693 860//860
f 861//861 697//697 1240//1240
f 1240//1240 863//863 1242//1242
f 871//871 690//690 860//860
f 661//661 385//385 389//389
f 93//93 91//91 94//94
f 93//93 218//218 91//91
f 1173//1173 1181//1181 1189//1189
f 1164//1164 1168//1168 1193//1193
f 110//110 202//202 15//15
f 109//109 202//202 110//110
f 110//110 15//15 805//805
f 805//805 109//109 110//110
f 820//820 812//812 808//808
f 808//808 1157//1157 820//820
f 813//813 812//812 820//820
f 1153//1153 1185//1185 1180//1180
f 1153//1153 1157//1157 1185//1185
f 1180//1180 1149//1149 1153//1153
f 1153//1153 1149//1149 1154//1154
f 1126//1126 1130//1130 1152//1152
f 1152//1152 1148//1148 1126//1126
f 1147//1147 1149//1149 1146//1146
f 1146//1146 1149//1149 1176//1176
f 1176//1176 1172//1172 1146//1146
f 1171//1171 1176//1176 1175//1175
f 1171//1171 1172//1172 1176//1176
f 1171//1171 1175//1175 1170//1170
f 1166//1166 1172//1172 1171//1171
f 1170//1170 1166//1166 1171//1171
f 1159//1159 818//818 819//819
f 1158//1158 1155//1155 1159//1159
f 819//819 814//814 1159//1159
f 814//814 1158//1158 1159//1159
f 1157//1157 1153//1153 1154//1154
f 1154//1154 1155//1155 1158//1158
f 1133//1133 1137//1137 1160//1160
f 1160//1160 1159//1159 1155//1155
f 1160//1160 1137//1137 818//818
f 818//818 1159//1159 1160//1160
f 313//313 278//278 279//279
f 280//280 277//277 281//281
f 281//281 296//296 295//295
f 279//279 278//278 310//310
f 311//311 273//273 310//310
f 310//310 262//262 311//311
f 277//277 284//284 281//281
f 282//282 286//286 284//284
f 286//286 288//288 284//284
f 356//356 364//364 360//360
f 353//353 356//356 360//360
f 498//498 497//497 482//482
f 345//345 344//344 323//323
f 344//344 320//320 323//323
f 323//323 346//346 345//345
f 323//323 321//321 346//346
f 349//349 361//361 354//354
f 339//339 349//349 338//338
f 339//339 316//316 340//340
f 339//339 340//340 350//350
f 350//350 349//349 339//339
f 339//339 338//338 481//481
f 481//481 316//316 339//339
f 350//350 341//341 342//342
f 342//342 343//343 350//350
f 342//342 318//318 343//343
f 341//341 319//319 317//317
f 318//318 342//342 317//317
f 317//317 342//342 341//341
f 317//317 481//481 318//318
f 481//481 317//317 319//319
f 327//327 335//335 301//301
f 305//305 327//327 301//301
f 6//6 569//569 563//563
f 6//6 570//570 569//569
f 589//589 570//570 5//5
f 585//585 586//586 602//602
f 574//574 561//561 554//554
f 535//535 526//526 216//216
f 526//526 544//544 216//216
f 216//216 544//544 215//215
f 198//198 199//199 543//543
f 197//197 195//195 743//743
f 196//196 543//543 197//197
f 743//743 742//742 197//197
f 197//197 742//742 196//196
f 515//515 526//526 535//535
f 502//502 13//13 494//494
f 516//516 515//515 502//502
f 519//519 529//529 518//518
f 518//518 529//529 528//528
f 547//547 536//536 214//214
f 177//177 178//178 756//756
f 537//537 167//167 166//166
f 191//191 192//192 215//215
f 546//546 185//185 545//545
f 184//184 185//185 546//546
f 215//215 544//544 545//545
f 251//251 250//250 247//247
f 253//253 255//255 251//251
f 308//308 264//264 255//255
f 308//308 255//255 253//253
f 297//297 359//359 299//299
f 235//235 233//233 408//408
f 371//371 235//235 408//408
f 408//408 413//413 371//371
f 405//405 413//413 408//408
f 244//244 369//369 243//243
f 242//242 369//369 244//244
f 432//432 436//436 431//431
f 431//431 429//429 432//432
f 450//450 456//456 449//449
f 450//450 449//449 375//375
f 450//450 431//431 456//456
f 262//262 310//310 260//260
f 557//557 556//556 267//267
f 278//278 313//313 268//268
f 582//582 592//592 581//581
f 598//598 581//581 592//592
f 592//592 610//610 598//598
f 566//566 552//552 559//559
f 554//554 561//561 270//270
f 554//554 270//270 271//271
f 270//270 561//561 553//553
f 272//272 270//270 269//269
f 269//269 313//313 272//272
f 573//573 593//593 582//582
f 587//587 603//603 586//586
f 27//27 54//54 55//55
f 56//56 26//26 715//715
f 715//715 59//59 56//56
f 60//60 711//711 62//62
f 709//709 63//63 708//708
f 64//64 63//63 709//709
f 67//67 706//706 707//707
f 865//865 711//711 710//710
f 708//708 711//711 865//865
f 944//944 932//932 937//937
f 50//50 721//721 223//223
f 52//52 55//55 625//625
f 52//52 625//625 53//53
f 53//53 718//718 720//720
f 221//221 43//43 42//42
f 42//42 43//43 732//732
f 56//56 624//624 625//625
f 56//56 625//625 57//57
f 862//862 701//701 703//703
f 703//703 702//702 862//862
f 702//702 928//928 862//862
f 928//928 863//863 862//862
f 695//695 78//78 697//697
f 78//78 699//699 697//697
f 698//698 862//862 700//700
f 700//700 862//862 697//697
f 697//697 699//699 700//700
f 77//77 698//698 700//700
f 700//700 699//699 76//76
f 700//700 76//76 77//77
f 82//82 84//84 692//692
f 694//694 21//21 22//22
f 22//22 861//861 694//694
f 230//230 80//80 21//21
f 230//230 620//620 80//80
f 229//229 80//80 621//621
f 621//621 80//80 620//620
f 620//620 611//611 621//621
f 22//22 80//80 81//81
f 81//81 80//80 229//229
f 620//620 230//230 609//609
f 610//610 620//620 609//609
f 231//231 82//82 20//20
f 85//85 619//619 20//20
f 619//619 85//85 86//86
f 86//86 232//232 619//619
f 610//610 609//609 598//598
f 590//590 642//642 578//578
f 645//645 642//642 590//590
f 645//645 618//618 644//644
f 590//590 618//618 645//645
f 638//638 670//670 639//639
f 639//639 670//670 633//633
f 633//633 634//634 639//639
f 642//642 634//634 640//640
f 594//594 584//584 595//595
f 595//595 613//613 594//594
f 584//584 594//594 583//583
f 74//74 698//698 77//77
f 74//74 75//75 698//698
f 77//77 229//229 74//74
f 621//621 74//74 229//229
f 621//621 622//622 74//74
f 613//613 623//623 612//612
f 612//612 623//623 622//622
f 612//612 600//600 613//613
f 69//69 227//227 68//68
f 68//68 622//622 226//226
f 68//68 227//227 622//622
f 228//228 71//71 622//622
f 622//622 227//227 228//228
f 23//23 702//702 703//703
f 703//703 71//71 23//23
f 23//23 71//71 702//702
f 70//70 71//71 703//703
f 703//703 701//701 70//70
f 701//701 75//75 70//70
f 70//70 75//75 74//74
f 74//74 71//71 70//70
f 863//863 928//928 1237//1237
f 593//593 594//594 600//600
f 583//583 594//594 593//593
f 927//927 926//926 925//925
f 34//34 41//41 40//40
f 733//733 41//41 34//34
f 40//40 735//735 34//34
f 34//34 735//735 733//733
f 35//35 735//735 40//40
f 734//734 735//735 35//35
f 736//736 737//737 39//39
f 736//736 38//38 870//870
f 39//39 38//38 736//736
f 870//870 737//737 736//736
f 605//605 589//589 5//5
f 596//596 588//588 604//604
f 605//605 617//617 616//616
f 37//37 38//38 39//39
f 970//970 967//967 964//964
f 963//963 964//964 967//967
f 889//889 893//893 892//892
f 1001//1001 1015//1015 995//995
f 1001//1001 995//995 997//997
f 1000//1000 1005//1005 11//11
f 1003//1003 1002//1002 1000//1000
f 1002//1002 1005//1005 1000//1000
f 1000//1000 999//999 1003//1003
f 997//997 1000//1000 1001//1001
f 992//992 993//993 1009//1009
f 1009//1009 1010//1010 1014//1014
f 1010//1010 1009//1009 993//993
f 1015//1015 1010//1010 995//995
f 874//874 996//996 995//995
f 757//757 178//178 175//175
f 756//756 178//178 757//757
f 182//182 180//180 754//754
f 754//754 180//180 755//755
f 849//849 755//755 756//756
f 849//849 754//754 755//755
f 759//759 171//171 760//760
f 1028//1028 1034//1034 1027//1027
f 1027//1027 1020//1020 1028//1028
f 1027//1027 1034//1034 1040//1040
f 1046//1046 1040//1040 1047//1047
f 1040//1040 1046//1046 1045//1045
f 1019//1019 1027//1027 1033//1033
f 1033//1033 1027//1027 1040//1040
f 1040//1040 1045//1045 1033//1033
f 1020//1020 1021//1021 1028//1028
f 1072//1072 847//847 743//743
f 1065//1065 847//847 1072//1072
f 1072//1072 1064//1064 1065//1065
f 749//749 750//750 848//848
f 749//749 187//187 750//750
f 744//744 743//743 194//194
f 744//744 1072//1072 743//743
f 194//194 195//195 744//744
f 744//744 195//195 193//193
f 750//750 187//187 545//545
f 1063//1063 1047//1047 1057//1057
f 1056//1056 1046//1046 1047//1047
f 1056//1056 1047//1047 1063//1063
f 1063//1063 1071//1071 1056//1056
f 1056//1056 1045//1045 1046//1046
f 1037//1037 1030//1030 1031//1031
f 783//783 141//141 784//784
f 782//782 143//143 144//144
f 144//144 851//851 782//782
f 782//782 851//851 1067//1067
f 769//769 768//768 160//160
f 766//766 163//163 767//767
f 163//163 162//162 767//767
f 160//160 768//768 161//161
f 161//161 162//162 160//160
f 161//161 767//767 162//162
f 768//768 767//767 161//161
f 1058//1058 1064//1064 1049//1049
f 1034//1034 1028//1028 1035//1035
f 505//505 497//497 498//498
f 511//511 497//497 505//505
f 511//511 520//520 531//531
f 527//527 517//517 509//509
f 495//495 510//510 503//503
f 509//509 508//508 503//503
f 508//508 517//517 516//516
f 516//516 502//502 508//508
f 509//509 517//517 508//508
f 504//504 496//496 511//511
f 489//489 481//481 490//490
f 497//497 511//511 496//496
f 490//490 481//481 482//482
f 490//490 482//482 497//497
f 497//497 496//496 490//490
f 330//330 335//335 480//480
f 327//327 325//325 335//335
f 325//325 480//480 335//335
f 1086//1086 1087//1087 846//846
f 1086//1086 846//846 836//836
f 1086//1086 836//836 1095//1095
f 532//532 549//549 541//541
f 549//549 132//132 134//134
f 134//134 135//135 549//549
f 134//134 132//132 133//133
f 133//133 790//790 134//134
f 137//137 549//549 136//136
f 137//137 138//138 549//549
f 787//787 138//138 137//137
f 137//137 788//788 787//787
f 136//136 788//788 137//137
f 506//506 523//523 522//522
f 484//484 352//352 485//485
f 1008//1008 1013//1013 1078//1078
f 1076//1076 1009//1009 1008//1008
f 1008//1008 1078//1078 1076//1076
f 1009//1009 1013//1013 1008//1008
f 1016//1016 1017//1017 1024//1024
f 1017//1017 1025//1025 1024//1024
f 1018//1018 1025//1025 1017//1017
f 1221//1221 1222//1222 1223//1223
f 923//923 924//924 1223//1223
f 1223//1223 922//922 923//923
f 918//918 922//922 1223//1223
f 918//918 920//920 921//921
f 1162//1162 904//904 1163//1163
f 1163//1163 1166//1166 1162//1162
f 1167//1167 1166//1166 1163//1163
f 1143//1143 1172//1172 1167//1167
f 1143//1143 1146//1146 1172//1172
f 1143//1143 1144//1144 1147//1147
f 1147//1147 1146//1146 1143//1143
f 895//895 1141//1141 900//900
f 896//896 895//895 900//900
f 1190//1190 1193//1193 1208//1208
f 1193//1193 1190//1190 1164//1164
f 1215//1215 1188//1188 1186//1186
f 1188//1188 1181//1181 1186//1186
f 1186//1186 798//798 1187//1187
f 1187//1187 1195//1195 1215//1215
f 1215//1215 1186//1186 1187//1187
f 256//256 656//656 655//655
f 263//263 259//259 261//261
f 628//628 257//257 643//643
f 628//628 643//643 636//636
f 251//251 255//255 254//254
f 256//256 250//250 254//254
f 800//800 797//797 798//798
f 799//799 1187//1187 798//798
f 798//798 811//811 800//800
f 798//798 1186//1186 811//811
f 689//689 686//686 87//87
f 87//87 86//86 689//689
f 232//232 86//86 87//87
f 87//87 88//88 232//232
f 860//860 692//692 691//691
f 389//389 390//390 395//395
f 389//389 385//385 390//390
f 1148//1148 1152//1152 1151//1151
f 1150//1150 1155//1155 1154//1154
f 1150//1150 1151//1151 1155//1155
f 820//820 1158//1158 814//814
f 820//820 1154//1154 1158//1158
f 1157//1157 1154//1154 820//820
f 814//814 813//813 820//820
f 1156//1156 1160//1160 1155//1155
f 1155//1155 1151//1151 1156//1156
f 1156//1156 1151//1151 1152//1152
f 1133//1133 1160//1160 1156//1156
f 1156//1156 1130//1130 1133//1133
f 1156//1156 1152//1152 1130//1130
f 281//281 295//295 280//280
f 365//365 361//361 296//296
f 360//360 357//357 353//353
f 498//498 484//484 499//499
f 482//482 481//481 338//338
f 495//495 503//503 489//489
f 321//321 323//323 325//325
f 353//353 337//337 354//354
f 596//596 577//577 588//588
f 555//555 271//271 6//6
f 586//586 585//585 575//575
f 568//568 574//574 554//554
f 156//156 548//548 213//213
f 213//213 548//548 540//540
f 156//156 149//149 150//150
f 543//543 535//535 216//216
f 216//216 197//197 543//543
f 195//195 197//197 216//216
f 215//215 195//195 216//216
f 526//526 515//515 516//516
f 516//516 517//517 526//526
f 529//529 536//536 547//547
f 546//546 529//529 547//547
f 182//182 546//546 547//547
f 179//179 180//180 182//182
f 178//178 177//177 179//179
f 755//755 180//180 179//179
f 179//179 177//177 756//756
f 756//756 755//755 179//179
f 547//547 179//179 182//182
f 178//178 179//179 547//547
f 545//545 529//529 546//546
f 545//545 528//528 529//529
f 528//528 544//544 527//527
f 528//528 545//545 544//544
f 253//253 247//247 248//248
f 360//360 359//359 358//358
f 358//358 359//359 373//373
f 373//373 363//363 358//358
f 404//404 408//408 233//233
f 405//405 408//408 404//404
f 250//250 246//246 247//247
f 402//402 407//407 401//401
f 403//403 404//404 402//402
f 402//402 404//404 407//407
f 247//247 246//246 368//368
f 428//428 429//429 431//431
f 431//431 450//450 428//428
f 376//376 429//429 428//428
f 428//428 375//375 376//376
f 428//428 450//450 375//375
f 265//265 260//260 266//266
f 265//265 266//266 646//646
f 266//266 267//267 556//556
f 558//558 551//551 552//552
f 552//552 572//572 558//558
f 552//552 268//268 269//269
f 551//551 268//268 552//552
f 566//566 573//573 582//582
f 581//581 558//558 572//572
f 572//572 552//552 566//566
f 553//553 561//561 560//560
f 269//269 270//270 553//553
f 566//566 559//559 573//573
f 719//719 720//720 867//867
f 720//720 718//718 867//867
f 710//710 711//711 24//24
f 711//711 60//60 24//24
f 24//24 61//61 710//710
f 24//24 60//60 61//61
f 61//61 60//60 224//224
f 224//224 60//60 62//62
f 706//706 225//225 65//65
f 65//65 709//709 706//706
f 65//65 225//225 64//64
f 64//64 709//709 65//65
f 69//69 68//68 704//704
f 958//958 957//957 953//953
f 713//713 58//58 25//25
f 713//713 61//61 58//58
f 710//710 61//61 713//713
f 706//706 709//709 864//864
f 964//964 960//960 968//968
f 932//932 944//944 931//931
f 44//44 33//33 729//729
f 943//943 947//947 942//942
f 725//725 726//726 48//48
f 48//48 726//726 723//723
f 722//722 721//721 867//867
f 624//624 615//615 625//625
f 615//615 603//603 625//625
f 626//626 625//625 603//603
f 718//718 53//53 51//51
f 51//51 29//29 722//722
f 722//722 718//718 51//51
f 223//223 29//29 51//51
f 51//51 53//53 625//625
f 28//28 720//720 52//52
f 52//52 53//53 28//28
f 28//28 53//53 720//720
f 45//45 33//33 44//44
f 221//221 42//42 45//45
f 45//45 44//44 221//221
f 604//604 626//626 603//603
f 231//231 609//609 230//230
f 231//231 84//84 82//82
f 83//83 84//84 231//231
f 231//231 230//230 83//83
f 20//20 619//619 231//231
f 679//679 86//86 85//85
f 232//232 607//607 619//619
f 565//565 557//557 558//558
f 607//607 217//217 618//618
f 618//618 217//217 644//644
f 217//217 218//218 644//644
f 571//571 590//590 578//578
f 634//634 642//642 639//639
f 639//639 642//642 645//645
f 574//574 584//584 583//583
f 602//602 601//601 595//595
f 595//595 585//585 602//602
f 702//702 71//71 73//73
f 71//71 228//228 73//73
f 611//611 599//599 600//600
f 621//621 611//611 612//612
f 622//622 621//621 612//612
f 612//612 611//611 600//600
f 932//932 735//735 734//734
f 589//589 588//588 577//577
f 577//577 570//570 589//589
f 577//577 569//569 570//570
f 617//617 37//37 220//220
f 952//952 957//957 1229//1229
f 973//973 967//967 974//974
f 974//974 926//926 973//973
f 970//970 964//964 968//968
f 890//890 889//889 1223//1223
f 893//893 889//889 890//890
f 890//890 891//891 893//893
f 1223//1223 1222//1222 890//890
f 890//890 1222//1222 891//891
f 1001//1001 1000//1000 11//11
f 1014//1014 1010//1010 1026//1026
f 1026//1026 1010//1010 1019//1019
f 1019//1019 1033//1033 1026//1026
f 1044//1044 1039//1039 1055//1055
f 993//993 995//995 1010//1010
f 994//994 995//995 993//993
f 994//994 993//993 1074//1074
f 1074//1074 874//874 994//994
f 874//874 995//995 994//994
f 174//174 171//171 759//759
f 759//759 173//173 174//174
f 756//756 757//757 849//849
f 1020//1020 1010//1010 1015//1015
f 1020//1020 1019//1019 1010//1010
f 1027//1027 1019//1019 1020//1020
f 188//188 187//187 186//186
f 186//186 749//749 188//188
f 187//187 749//749 186//186
f 1072//1072 744//744 745//745
f 192//192 746//746 745//745
f 745//745 193//193 192//192
f 745//745 744//744 193//193
f 1062//1062 1061//1061 1055//1055
f 1055//1055 1061//1061 1054//1054
f 764//764 1061//1061 1062//1062
f 1042//1042 1037//1037 1043//1043
f 1052//1052 1042//1042 1053//1053
f 1037//1037 1036//1036 1090//1090
f 1090//1090 1030//1030 1037//1037
f 1037//1037 1042//1042 1036//1036
f 1023//1023 1024//1024 1031//1031
f 852//852 853//853 854//854
f 784//784 853//853 852//852
f 852//852 783//783 784//784
f 852//852 142//142 141//141
f 141//141 783//783 852//852
f 780//780 782//782 1067//1067
f 143//143 782//782 780//780
f 146//146 143//143 780//780
f 1050//1050 1067//1067 854//854
f 854//854 1067//1067 851//851
f 851//851 852//852 854//854
f 1053//1053 1042//1042 1043//1043
f 770//770 771//771 1069//1069
f 158//158 769//769 160//160
f 159//159 157//157 770//770
f 770//770 769//769 159//159
f 769//769 158//158 159//159
f 159//159 158//158 160//160
f 1069//1069 767//767 768//768
f 766//766 767//767 1069//1069
f 155//155 771//771 770//770
f 770//770 157//157 155//155
f 155//155 157//157 156//156
f 1048//1048 1049//1049 1064//1064
f 1048//1048 1064//1064 1057//1057
f 522//522 512//512 499//499
f 522//522 521//521 512//512
f 504//504 530//530 519//519
f 511//511 530//530 504//504
f 527//527 509//509 528//528
f 518//518 528//528 509//509
f 518//518 509//509 510//510
f 488//488 480//480 503//503
f 504//504 519//519 510//510
f 519//519 518//518 510//510
f 446//446 487//487 362//362
f 372//372 446//446 362//362
f 362//362 363//363 372//372
f 362//362 358//358 363//363
f 492//492 500//500 491//491
f 486//486 493//493 492//492
f 486//486 362//362 487//487
f 357//357 362//362 486//486
f 447//447 451//451 486//486
f 451//451 493//493 486//486
f 446//446 447//447 486//486
f 486//486 487//487 446//446
f 491//491 484//484 485//485
f 499//499 506//506 522//522
f 1013//1013 1018//1018 1017//1017
f 1044//1044 1025//1025 1032//1032
f 1032//1032 1039//1039 1044//1044
f 1013//1013 1009//1009 1014//1014
f 1026//1026 1013//1013 1014//1014
f 1018//1018 1013//1013 1026//1026
f 1223//1223 924//924 1221//1221
f 1144//1144 1143//1143 1141//1141
f 1142//1142 1141//1141 895//895
f 892//892 1120//1120 1142//1142
f 1142//1142 895//895 892//892
f 258//258 307//307 263//263
f 259//259 262//262 265//265
f 263//263 264//264 258//258
f 256//256 655//655 250//250
f 257//257 628//628 256//256
f 257//257 261//261 259//259
f 255//255 264//264 261//261
f 255//255 261//261 254//254
f 261//261 264//264 263//263
f 251//251 254//254 250//250
f 686//686 687//687 681//681
f 681//681 87//87 686//686
f 681//681 687//687 88//88
f 88//88 87//87 681//681
f 861//861 860//860 694//694
f 1240//1240 860//860 861//861
f 1240//1240 1242//1242 871//871
f 1189//1189 1181//1181 1194//1194
f 1194//1194 1181//1181 1188//1188
f 1151//1151 1150//1150 1147//1147
f 1147//1147 1144//1144 1151//1151
f 304//304 288//288 299//299
f 268//268 310//310 278//278
f 281//281 284//284 288//288
f 366//366 299//299 359//359
f 365//365 296//296 304//304
f 365//365 364//364 356//356
f 360//360 364//364 359//359
f 357//357 360//360 358//358
f 357//357 352//352 353//353
f 354//354 356//356 353//353
f 336//336 353//353 352//352
f 336//336 337//337 353//353
f 484//484 498//498 483//483
f 336//336 484//484 483//483
f 480//480 325//325 489//489
f 325//325 481//481 489//489
f 320//320 481//481 325//325
f 325//325 323//323 320//320
f 354//354 337//337 338//338
f 337//337 336//336 338//338
f 6//6 563//563 555//555
f 568//568 575//575 585//585
f 541//541 549//549 213//213
f 213//213 540//540 541//541
f 539//539 521//521 540//540
f 521//521 539//539 520//520
f 531//531 520//520 538//538
f 505//505 512//512 520//520
f 772//772 153//153 773//773
f 149//149 777//777 776//776
f 776//776 150//150 149//149
f 773//773 774//774 850//850
f 537//537 165//165 167//167
f 537//537 214//214 536//536
f 536//536 531//531 537//537
f 531//531 538//538 537//537
f 537//537 166//166 170//170
f 170//170 214//214 537//537
f 170//170 166//166 168//168
f 253//253 251//251 247//247
f 566//566 582//582 572//572
f 557//557 267//267 551//551
f 551//551 558//558 557//557
f 268//268 551//551 267//267
f 567//567 560//560 561//561
f 567//567 574//574 583//583
f 567//567 583//583 559//559
f 268//268 313//313 269//269
f 867//867 718//718 722//722
f 866//866 867//867 936//936
f 719//719 867//867 866//866
f 57//57 54//54 717//717
f 624//624 56//56 224//224
f 58//58 61//61 224//224
f 224//224 56//56 58//58
f 62//62 63//63 224//224
f 224//224 63//63 226//226
f 928//928 702//702 705//705
f 705//705 704//704 928//928
f 227//227 69//69 705//705
f 69//69 704//704 705//705
f 715//715 866//866 712//712
f 712//712 713//713 25//25
f 712//712 865//865 713//713
f 866//866 865//865 712//712
f 25//25 59//59 712//712
f 59//59 715//715 712//712
f 864//864 707//707 706//706
f 865//865 709//709 708//708
f 865//865 864//864 709//709
f 960//960 961//961 968//968
f 732//732 931//931 731//731
f 731//731 729//729 33//33
f 731//731 42//42 732//732
f 33//33 45//45 731//731
f 731//731 45//45 42//42
f 48//48 723//723 222//222
f 721//721 50//50 724//724
f 724//724 723//723 867//867
f 724//724 867//867 721//721
f 223//223 626//626 222//222
f 625//625 626//626 223//223
f 223//223 51//51 625//625
f 223//223 222//222 50//50
f 222//222 626//626 627//627
f 49//49 725//725 48//48
f 48//48 222//222 49//49
f 49//49 222//222 627//627
f 31//31 727//727 868//868
f 604//604 603//603 596//596
f 627//627 604//604 44//44
f 626//626 604//604 627//627
f 688//688 871//871 689//689
f 689//689 86//86 688//688
f 86//86 679//679 688//688
f 688//688 85//85 690//690
f 688//688 679//679 85//85
f 688//688 690//690 871//871
f 608//608 619//619 607//607
f 218//218 93//93 644//644
f 219//219 641//641 644//644
f 644//644 93//93 219//219
f 645//645 641//641 638//638
f 645//645 644//644 641//641
f 638//638 639//639 645//645
f 590//590 571//571 591//591
f 578//578 647//647 571//571
f 647//647 564//564 571//571
f 707//707 704//704 66//66
f 67//67 707//707 66//66
f 66//66 704//704 68//68
f 66//66 226//226 67//67
f 68//68 226//226 66//66
f 732//732 733//733 931//931
f 733//733 735//735 931//931
f 735//735 932//932 931//931
f 932//932 737//737 870//870
f 734//734 737//737 932//932
f 605//605 616//616 588//588
f 589//589 605//605 588//588
f 604//604 588//588 616//616
f 616//616 617//617 221//221
f 220//220 35//35 40//40
f 220//220 36//36 734//734
f 734//734 35//35 220//220
f 36//36 220//220 37//37
f 39//39 737//737 37//37
f 37//37 737//737 36//36
f 967//967 965//965 963//963
f 963//963 965//965 957//957
f 963//963 957//957 958//958
f 925//925 926//926 975//975
f 1226//1226 915//915 1224//1224
f 917//917 1223//1223 1224//1224
f 1011//1011 1001//1001 11//11
f 1021//1021 1011//1011 11//11
f 758//758 173//173 759//759
f 758//758 849//849 757//757
f 214//214 174//174 176//176
f 178//178 547//547 176//176
f 176//176 547//547 214//214
f 175//175 178//178 176//176
f 176//176 174//174 173//173
f 173//173 758//758 176//176
f 176//176 757//757 175//175
f 176//176 758//758 757//757
f 182//182 754//754 181//181
f 754//754 753//753 181//181
f 181//181 183//183 182//182
f 181//181 753//753 183//183
f 849//849 848//848 751//751
f 849//849 753//753 754//754
f 1071//1071 1063//1063 849//849
f 761//761 1070//1070 760//760
f 761//761 170//170 168//168
f 760//760 169//169 761//761
f 169//169 170//170 761//761
f 759//759 760//760 1070//1070
f 1070//1070 758//758 759//759
f 849//849 758//758 1070//1070
f 1071//1071 849//849 1070//1070
f 1072//1072 745//745 746//746
f 1057//1057 1064//1064 848//848
f 848//848 1064//1064 1072//1072
f 191//191 189//189 747//747
f 747//747 746//746 191//191
f 747//747 1072//1072 746//746
f 848//848 1072//1072 747//747
f 189//189 190//190 747//747
f 1071//1071 1062//1062 1056//1056
f 1056//1056 1039//1039 1045//1045
f 1060//1060 850//850 1067//1067
f 1031//1031 1022//1022 1023//1023
f 1031//1031 1024//1024 1025//1025
f 142//142 852//852 781//781
f 781//781 852//852 851//851
f 144//144 142//142 781//781
f 781//781 851//851 144//144
f 1068//1068 1054//1054 1061//1061
f 1069//1069 769//769 770//770
f 768//768 769//769 1069//1069
f 1061//1061 1069//1069 1068//1068
f 160//160 162//162 157//157
f 157//157 159//159 160//160
f 1048//1048 1057//1057 1047//1047
f 1047//1047 1034//1034 1048//1048
f 1034//1034 1035//1035 1048//1048
f 505//505 498//498 499//499
f 499//499 512//512 505//505
f 508//508 488//488 503//503
f 496//496 495//495 489//489
f 496//496 489//489 490//490
f 504//504 510//510 496//496
f 510//510 495//495 496//496
f 485//485 486//486 492//492
f 492//492 491//491 485//485
f 357//357 486//486 485//485
f 357//357 485//485 352//352
f 532//532 533//533 542//542
f 525//525 533//533 532//532
f 500//500 506//506 491//491
f 1032//1032 1025//1025 1026//1026
f 1026//1026 1025//1025 1018//1018
f 1224//1224 915//915 917//917
f 1140//1140 1141//1141 1143//1143
f 1167//1167 1163//1163 1140//1140
f 1140//1140 1143//1143 1167//1167
f 1145//1145 1120//1120 1123//1123
f 1145//1145 1142//1142 1120//1120
f 1123//1123 1148//1148 1145//1145
f 1144//1144 1141//1141 1145//1145
f 1141//1141 1142//1142 1145//1145
f 1145//1145 1151//1151 1144//1144
f 1148//1148 1151//1151 1145//1145
f 262//262 263//263 307//307
f 307//307 311//311 262//262
f 250//250 655//655 246//246
f 259//259 263//263 262//262
f 254//254 261//261 257//257
f 254//254 257//257 256//256
f 1240//1240 871//871 860//860
f 304//304 296//296 281//281
f 304//304 281//281 288//288
f 364//364 366//366 359//359
f 365//365 366//366 364//364
f 304//304 366//366 365//365
f 304//304 299//299 366//366
f 361//361 306//306 296//296
f 361//361 365//365 356//356
f 358//358 362//362 357//357
f 484//484 336//336 352//352
f 338//338 483//483 482//482
f 483//483 498//498 482//482
f 483//483 338//338 336//336
f 480//480 489//489 503//503
f 575//575 576//576 586//586
f 554//554 271//271 562//562
f 585//585 595//595 584//584
f 584//584 574//574 585//585
f 574//574 568//568 585//585
f 568//568 554//554 562//562
f 146//146 780//780 779//779
f 779//779 780//780 1067//1067
f 147//147 777//777 149//149
f 777//777 1067//1067 850//850
f 850//850 776//776 777//777
f 521//521 520//520 512//512
f 505//505 520//520 511//511
f 850//850 1069//1069 771//771
f 771//771 772//772 850//850
f 850//850 772//772 773//773
f 154//154 772//772 771//771
f 154//154 155//155 156//156
f 771//771 155//155 154//154
f 153//153 772//772 154//154
f 162//162 537//537 538//538
f 165//165 537//537 164//164
f 164//164 162//162 163//163
f 537//537 162//162 164//164
f 164//164 163//163 766//766
f 548//548 538//538 539//539
f 162//162 538//538 548//548
f 548//548 157//157 162//162
f 539//539 538//538 520//520
f 214//214 170//170 172//172
f 172//172 174//174 214//214
f 171//171 174//174 172//172
f 172//172 170//170 169//169
f 172//172 760//760 171//171
f 172//172 169//169 760//760
f 253//253 248//248 249//249
f 268//268 267//267 260//260
f 260//260 267//267 266//266
f 260//260 310//310 268//268
f 582//582 581//581 572//572
f 574//574 567//567 561//561
f 559//559 553//553 560//560
f 560//560 567//567 559//559
f 552//552 269//269 553//553
f 553//553 559//559 552//552
f 573//573 583//583 593//593
f 583//583 573//573 559//559
f 576//576 587//587 586//586
f 719//719 866//866 716//716
f 866//866 717//717 716//716
f 55//55 719//719 716//716
f 716//716 27//27 55//55
f 54//54 27//27 716//716
f 716//716 717//717 54//54
f 936//936 867//867 929//929
f 935//935 865//865 866//866
f 72//72 705//705 702//702
f 702//702 73//73 72//72
f 227//227 705//705 72//72
f 228//228 227//227 72//72
f 72//72 73//73 228//228
f 710//710 713//713 865//865
f 714//714 866//866 715//715
f 717//717 866//866 714//714
f 714//714 715//715 26//26
f 714//714 26//26 57//57
f 57//57 717//717 714//714
f 864//864 704//704 707//707
f 1232//1232 1233//1233 1234//1234
f 8//8 951//951 944//944
f 943//943 931//931 944//944
f 729//729 869//869 730//730
f 869//869 731//731 931//931
f 729//729 731//731 869//869
f 869//869 931//931 930//930
f 931//931 943//943 930//930
f 930//930 943//943 942//942
f 30//30 222//222 723//723
f 723//723 724//724 30//30
f 50//50 222//222 30//30
f 30//30 724//724 50//50
f 930//930 929//929 868//868
f 868//868 929//929 867//867
f 868//868 723//723 726//726
f 867//867 723//723 868//868
f 726//726 725//725 868//868
f 868//868 730//730 869//869
f 727//727 730//730 868//868
f 869//869 930//930 868//868
f 47//47 31//31 627//627
f 609//609 231//231 619//619
f 619//619 608//608 609//609
f 598//598 609//609 608//608
f 608//608 597//597 598//598
f 597//597 608//608 607//607
f 598//598 580//580 581//581
f 565//565 579//579 571//571
f 571//571 564//564 565//565
f 579//579 581//581 580//580
f 558//558 581//581 579//579
f 579//579 565//565 558//558
f 597//597 607//607 591//591
f 591//591 607//607 618//618
f 618//618 590//590 591//591
f 44//44 604//604 616//616
f 221//221 44//44 616//616
f 959//959 954//954 950//950
f 970//970 971//971 975//975
f 968//968 971//971 970//970
f 917//917 918//918 1223//1223
f 1223//1223 889//889 1224//1224
f 1032//1032 1033//1033 1045//1045
f 1045//1045 1039//1039 1032//1032
f 1026//1026 1033//1033 1032//1032
f 752//752 849//849 751//751
f 753//753 849//849 752//752
f 751//751 184//184 752//752
f 752//752 184//184 183//183
f 183//183 753//753 752//752
f 1070//1070 761//761 764//764
f 848//848 849//849 1063//1063
f 1057//1057 848//848 1063//1063
f 749//749 848//848 748//748
f 848//848 747//747 748//748
f 188//188 749//749 748//748
f 748//748 190//190 188//188
f 748//748 747//747 190//190
f 1055//1055 1039//1039 1056//1056
f 1056//1056 1062//1062 1055//1055
f 1061//1061 764//764 1069//1069
f 1070//1070 1062//1062 1071//1071
f 1070//1070 764//764 1062//1062
f 1050//1050 1052//1052 1060//1060
f 1052//1052 1053//1053 1060//1060
f 1060//1060 1067//1067 1050//1050
f 1060//1060 1053//1053 1068//1068
f 1068//1068 1053//1053 1054//1054
f 548//548 156//156 157//157
f 539//539 540//540 548//548
f 1054//1054 1038//1038 1044//1044
f 1044//1044 1055//1055 1054//1054
f 1049//1049 1048//1048 1035//1035
f 484//484 491//491 506//506
f 484//484 506//506 499//499
f 1141//1141 1140//1140 899//899
f 899//899 900//900 1141//1141
f 899//899 904//904 897//897
f 899//899 1163//1163 904//904
f 899//899 1140//1140 1163//1163
f 899//899 897//897 898//898
f 898//898 900//900 899//899
f 312//312 311//311 307//307
f 361//361 356//356 354//354
f 271//271 555//555 562//562
f 778//778 779//779 1067//1067
f 778//778 1067//1067 777//777
f 777//777 147//147 778//778
f 156//156 147//147 149//149
f 146//146 779//779 145//145
f 779//779 778//778 145//145
f 775//775 776//776 850//850
f 150//150 776//776 775//775
f 850//850 774//774 775//775
f 153//153 156//156 152//152
f 773//773 153//153 152//152
f 152//152 774//774 773//773
f 151//151 152//152 156//156
f 151//151 156//156 150//150
f 150//150 775//775 151//151
f 151//151 775//775 774//774
f 774//774 152//152 151//151
f 540//540 521//521 522//522
f 1060//1060 1068//1068 850//850
f 929//929 930//930 941//941
f 941//941 930//930 942//942
f 936//936 929//929 941//941
f 942//942 947//947 946//946
f 953//953 945//945 954//954
f 954//954 958//958 953//953
f 936//936 935//935 866//866
f 704//704 864//864 928//928
f 960//960 955//955 961//961
f 961//961 955//955 947//947
f 950//950 946//946 955//955
f 944//944 951//951 948//948
f 943//943 944//944 948//948
f 729//729 730//730 32//32
f 44//44 729//729 32//32
f 728//728 31//31 868//868
f 728//728 627//627 31//31
f 728//728 868//868 725//725
f 725//725 49//49 728//728
f 49//49 627//627 728//728
f 587//587 596//596 603//603
f 945//945 950//950 954//954
f 963//963 958//958 959//959
f 959//959 964//964 963//963
f 958//958 954//954 959//959
f 959//959 960//960 964//964
f 959//959 955//955 960//960
f 952//952 953//953 957//957
f 974//974 975//975 926//926
f 970//970 975//975 974//974
f 1054//1054 1053//1053 1043//1043
f 153//153 154//154 156//156
f 541//541 540//540 523//523
f 523//523 540//540 522//522
f 506//506 513//513 523//523
f 500//500 513//513 506//506
f 525//525 532//532 524//524
f 524//524 514//514 525//525
f 524//524 513//513 514//514
f 524//524 532//532 541//541
f 576//576 563//563 569//569
f 577//577 596//596 576//576
f 576//576 569//569 577//577
f 576//576 596//596 587//587
f 555//555 563//563 562//562
f 147//147 156//156 148//148
f 146//146 145//145 148//148
f 148//148 213//213 146//146
f 148//148 156//156 213//213
f 148//148 778//778 147//147
f 148//148 145//145 778//778
f 1069//1069 850//850 1068//1068
f 947//947 955//955 946//946
f 941//941 942//942 946//946
f 945//945 946//946 950//950
f 936//936 940//940 935//935
f 864//864 865//865 934//934
f 934//934 933//933 864//864
f 951//951 961//961 947//947
f 956//956 961//961 951//951
f 948//948 951//951 947//947
f 943//943 948//948 947//947
f 44//44 32//32 46//46
f 46//46 31//31 47//47
f 727//727 31//31 46//46
f 46//46 730//730 727//727
f 46//46 32//32 730//730
f 580//580 598//598 597//597
f 597//597 591//591 571//571
f 571//571 579//579 597//597
f 579//579 580//580 597//597
f 955//955 959//959 950//950
f 167//167 165//165 763//763
f 165//165 764//764 763//763
f 765//765 164//164 766//766
f 165//165 164//164 765//765
f 765//765 764//764 165//165
f 1069//1069 765//765 766//766
f 764//764 765//765 1069//1069
f 1038//1038 1031//1031 1025//1025
f 1025//1025 1044//1044 1038//1038
f 523//523 524//524 541//541
f 562//562 575//575 568//568
f 934//934 935//935 939//939
f 939//939 949//949 938//938
f 934//934 865//865 935//935
f 946//946 945//945 941//941
f 933//933 928//928 864//864
f 1237//1237 938//938 1238//1238
f 933//933 938//938 1237//1237
f 1237//1237 928//928 933//933
f 934//934 938//938 933//933
f 934//934 939//939 938//938
f 44//44 46//46 47//47
f 47//47 627//627 44//44
f 1238//1238 938//938 949//949
f 953//953 952//952 949//949
f 166//166 167//167 762//762
f 167//167 763//763 762//762
f 168//168 166//166 762//762
f 762//762 761//761 168//168
f 762//762 764//764 761//761
f 762//762 763//763 764//764
f 1031//1031 1038//1038 1037//1037
f 523//523 513//513 524//524
f 576//576 575//575 562//562
f 562//562 563//563 576//576
f 940//940 945//945 953//953
f 939//939 935//935 940//940
f 1234//1234 1238//1238 952//952
f 1238//1238 949//949 952//952
f 1043//1043 1037//1037 1038//1038
f 1043//1043 1038//1038 1054//1054
f 936//936 941//941 940//940
f 940//940 941//941 945//945
f 953//953 949//949 940//940
f 949//949 939//939 940//940
f 9//9 3//3 2//2
f 9//9 2//2 1//1
f 4//4 9//9 1//1
f 14//14 9//9 4//4
f 4//4 6//6 12//12
f 12//12 14//14 4//4
f 10//10 11//11 7//7
f 2//2 3//3 10//10
f 10//10 8//8 2//2
f 7//7 8//8 10//10
f 682//682 89//89 19//19
f 19//19 685//685 682//682
f 916//916 925//925 7//7
f 916//916 922//922 921//921
f 7//7 11//11 916//916
f 916//916 906//906 905//905
f 916//916 910//910 909//909
f 11//11 911//911 916//916
f 909//909 908//908 916//916
f 916//916 924//924 923//923
f 927//927 925//925 916//916
f 915//915 914//914 916//916
f 907//907 906//906 916//916
f 921//921 920//920 916//916
f 911//911 924//924 916//916
f 916//916 914//914 913//913
f 913//913 912//912 916//916
f 916//916 908//908 907//907
f 905//905 927//927 916//916
f 916//916 917//917 915//915
f 916//916 912//912 910//910
f 923//923 922//922 916//916
f 916//916 920//920 919//919
f 919//919 918//918 916//916
f 916//916 918//918 917//917

